time,strategy,exchange,identifier,symbol,side,type,status,price,filled_quantity,multiplier,trade_cost,trade_slippage,time_in_force,asset.right,asset.strike,asset.multiplier,asset.expiration,asset.asset_type,price_source,event_kind,event_id,cash_event_type,cash_event_amount,cash_event_currency,cash_event_description,cash_event_direction,cash_event_reason,is_external_cash_flow,cash_event_raw_type,cash_event_raw_subtype,cash_event_broker_name,cash_event_broker_event_id
2025-07-01 09:30:00-04:00,StockPulse Momentum+Catalyst,,bt_1,AMD,buy,market,new,,,1,,0.0,gtc,,0.0,1,,stock,,trade,,,,,,,,,,,,
2025-07-01 09:30:00-04:00,StockPulse Momentum+Catalyst,,bt_2,NVDA,buy,market,new,,,1,,0.0,gtc,,0.0,1,,stock,,trade,,,,,,,,,,,,
2025-07-01 09:30:00-04:00,StockPulse Momentum+Catalyst,,bt_3,META,buy,market,new,,,1,,0.0,gtc,,0.0,1,,stock,,trade,,,,,,,,,,,,
2025-07-01 09:30:00-04:00,StockPulse Momentum+Catalyst,,bt_4,MSFT,buy,market,new,,,1,,0.0,gtc,,0.0,1,,stock,,trade,,,,,,,,,,,,
2025-07-01 09:30:00-04:00,StockPulse Momentum+Catalyst,,bt_5,AMZN,buy,market,new,,,1,,0.0,gtc,,0.0,1,,stock,,trade,,,,,,,,,,,,
2025-07-01 09:30:00-04:00,StockPulse Momentum+Catalyst,,bt_6,AAPL,buy,market,new,,,1,,0.0,gtc,,0.0,1,,stock,,trade,,,,,,,,,,,,
2025-07-01 09:30:00-04:00,StockPulse Momentum+Catalyst,,bt_1,AMD,buy,market,fill,138.77000427246094,86.0,1,0.0,0.0,gtc,,0.0,1,,stock,,trade,,,,,,,,,,,,
2025-07-01 09:30:00-04:00,StockPulse Momentum+Catalyst,,bt_2,NVDA,buy,market,fill,156.2899932861328,78.0,1,0.0,0.0,gtc,,0.0,1,,stock,,trade,,,,,,,,,,,,
2025-07-01 09:30:00-04:00,StockPulse Momentum+Catalyst,,bt_3,META,buy,market,fill,736.8800048828125,16.0,1,0.0,0.0,gtc,,0.0,1,,stock,,trade,,,,,,,,,,,,
2025-07-01 09:30:00-04:00,StockPulse Momentum+Catalyst,,bt_4,MSFT,buy,market,fill,496.4700012207031,25.0,1,0.0,0.0,gtc,,0.0,1,,stock,,trade,,,,,,,,,,,,
2025-07-01 09:30:00-04:00,StockPulse Momentum+Catalyst,,bt_5,AMZN,buy,market,fill,219.5,55.0,1,0.0,0.0,gtc,,0.0,1,,stock,,trade,,,,,,,,,,,,
2025-07-01 09:30:00-04:00,StockPulse Momentum+Catalyst,,bt_6,AAPL,buy,market,fill,206.6699981689453,61.0,1,0.0,0.0,gtc,,0.0,1,,stock,,trade,,,,,,,,,,,,
2025-07-02 09:30:00-04:00,StockPulse Momentum+Catalyst,,bt_7,GOOGL,buy,market,new,,,1,,0.0,gtc,,0.0,1,,stock,,trade,,,,,,,,,,,,
2025-07-02 09:30:00-04:00,StockPulse Momentum+Catalyst,,bt_7,GOOGL,buy,market,fill,175.5399932861328,76.0,1,0.0,0.0,gtc,,0.0,1,,stock,,trade,,,,,,,,,,,,
2025-07-17 09:30:00-04:00,StockPulse Momentum+Catalyst,,bt_8,TSLA,buy,market,new,,,1,,0.0,gtc,,0.0,1,,stock,,trade,,,,,,,,,,,,
2025-07-17 09:30:00-04:00,StockPulse Momentum+Catalyst,,bt_8,TSLA,buy,market,fill,323.1499938964844,43.0,1,0.0,0.0,gtc,,0.0,1,,stock,,trade,,,,,,,,,,,,
2025-07-25 09:30:00-04:00,StockPulse Momentum+Catalyst,,e96c271102884bf18d1d17abca14a076,AMD,sell,market,new,,,1,,0.0,day,,0.0,1,,stock,,trade,,,,,,,,,,,,
2025-07-25 09:30:00-04:00,StockPulse Momentum+Catalyst,,be5e294358c54d5590037d64e7c15a41,NVDA,sell,market,new,,,1,,0.0,day,,0.0,1,,stock,,trade,,,,,,,,,,,,
2025-07-25 09:30:00-04:00,StockPulse Momentum+Catalyst,,addbaccbfc964fe7a4f69580d2ae33b1,META,sell,market,new,,,1,,0.0,day,,0.0,1,,stock,,trade,,,,,,,,,,,,
2025-07-25 09:30:00-04:00,StockPulse Momentum+Catalyst,,98dd12735674444c9d13e0217a64c654,MSFT,sell,market,new,,,1,,0.0,day,,0.0,1,,stock,,trade,,,,,,,,,,,,
2025-07-25 09:30:00-04:00,StockPulse Momentum+Catalyst,,884fddd976034f0ea1e6ca1ab811a65b,AMZN,sell,market,new,,,1,,0.0,day,,0.0,1,,stock,,trade,,,,,,,,,,,,
2025-07-25 09:30:00-04:00,StockPulse Momentum+Catalyst,,8a6803f508f346549a31df374093f924,AAPL,sell,market,new,,,1,,0.0,day,,0.0,1,,stock,,trade,,,,,,,,,,,,
2025-07-25 09:30:00-04:00,StockPulse Momentum+Catalyst,,ef1acfa3eeaf479f8efe465e402d6aa7,GOOGL,sell,market,new,,,1,,0.0,day,,0.0,1,,stock,,trade,,,,,,,,,,,,
2025-07-25 09:30:00-04:00,StockPulse Momentum+Catalyst,,f3aa626620e5467ea2ed662f4f84d1dc,TSLA,sell,market,new,,,1,,0.0,day,,0.0,1,,stock,,trade,,,,,,,,,,,,
2025-07-25 09:30:00-04:00,StockPulse Momentum+Catalyst,,e96c271102884bf18d1d17abca14a076,AMD,sell,market,fill,163.50999450683594,86.0,1,0.0,0.0,day,,0.0,1,,stock,,trade,,,,,,,,,,,,
2025-07-25 09:30:00-04:00,StockPulse Momentum+Catalyst,,be5e294358c54d5590037d64e7c15a41,NVDA,sell,market,fill,173.61000061035156,78.0,1,0.0,0.0,day,,0.0,1,,stock,,trade,,,,,,,,,,,,
2025-07-25 09:30:00-04:00,StockPulse Momentum+Catalyst,,addbaccbfc964fe7a4f69580d2ae33b1,META,sell,market,fill,716.9199829101562,16.0,1,0.0,0.0,day,,0.0,1,,stock,,trade,,,,,,,,,,,,
2025-07-25 09:30:00-04:00,StockPulse Momentum+Catalyst,,98dd12735674444c9d13e0217a64c654,MSFT,sell,market,fill,512.469970703125,25.0,1,0.0,0.0,day,,0.0,1,,stock,,trade,,,,,,,,,,,,
2025-07-25 09:30:00-04:00,StockPulse Momentum+Catalyst,,884fddd976034f0ea1e6ca1ab811a65b,AMZN,sell,market,fill,232.22000122070312,55.0,1,0.0,0.0,day,,0.0,1,,stock,,trade,,,,,,,,,,,,
2025-07-25 09:30:00-04:00,StockPulse Momentum+Catalyst,,8a6803f508f346549a31df374093f924,AAPL,sell,market,fill,214.6999969482422,61.0,1,0.0,0.0,day,,0.0,1,,stock,,trade,,,,,,,,,,,,
2025-07-25 09:30:00-04:00,StockPulse Momentum+Catalyst,,ef1acfa3eeaf479f8efe465e402d6aa7,GOOGL,sell,market,fill,191.97999572753906,76.0,1,0.0,0.0,day,,0.0,1,,stock,,trade,,,,,,,,,,,,
2025-07-25 09:30:00-04:00,StockPulse Momentum+Catalyst,,f3aa626620e5467ea2ed662f4f84d1dc,TSLA,sell,market,fill,308.739990234375,43.0,1,0.0,0.0,day,,0.0,1,,stock,,trade,,,,,,,,,,,,
2025-07-28 09:30:00-04:00,StockPulse Momentum+Catalyst,,bt_9,AMD,buy,market,new,,,1,,0.0,gtc,,0.0,1,,stock,,trade,,,,,,,,,,,,
2025-07-28 09:30:00-04:00,StockPulse Momentum+Catalyst,,bt_10,GOOGL,buy,market,new,,,1,,0.0,gtc,,0.0,1,,stock,,trade,,,,,,,,,,,,
2025-07-28 09:30:00-04:00,StockPulse Momentum+Catalyst,,bt_11,MSFT,buy,market,new,,,1,,0.0,gtc,,0.0,1,,stock,,trade,,,,,,,,,,,,
2025-07-28 09:30:00-04:00,StockPulse Momentum+Catalyst,,bt_12,NVDA,buy,market,new,,,1,,0.0,gtc,,0.0,1,,stock,,trade,,,,,,,,,,,,
2025-07-28 09:30:00-04:00,StockPulse Momentum+Catalyst,,bt_13,AMZN,buy,market,new,,,1,,0.0,gtc,,0.0,1,,stock,,trade,,,,,,,,,,,,
2025-07-28 09:30:00-04:00,StockPulse Momentum+Catalyst,,bt_9,AMD,buy,market,fill,169.0800018310547,80.0,1,0.0,0.0,gtc,,0.0,1,,stock,,trade,,,,,,,,,,,,
2025-07-28 09:30:00-04:00,StockPulse Momentum+Catalyst,,bt_10,GOOGL,buy,market,fill,193.64999389648438,68.0,1,0.0,0.0,gtc,,0.0,1,,stock,,trade,,,,,,,,,,,,
2025-07-28 09:30:00-04:00,StockPulse Momentum+Catalyst,,bt_11,MSFT,buy,market,fill,514.0800170898438,25.0,1,0.0,0.0,gtc,,0.0,1,,stock,,trade,,,,,,,,,,,,
2025-07-28 09:30:00-04:00,StockPulse Momentum+Catalyst,,bt_12,NVDA,buy,market,fill,174.02000427246094,75.0,1,0.0,0.0,gtc,,0.0,1,,stock,,trade,,,,,,,,,,,,
2025-07-28 09:30:00-04:00,StockPulse Momentum+Catalyst,,bt_13,AMZN,buy,market,fill,233.35000610351562,56.0,1,0.0,0.0,gtc,,0.0,1,,stock,,trade,,,,,,,,,,,,
2025-07-29 09:30:00-04:00,StockPulse Momentum+Catalyst,,bt_14,TSLA,buy,market,new,,,1,,0.0,gtc,,0.0,1,,stock,,trade,,,,,,,,,,,,
2025-07-29 09:30:00-04:00,StockPulse Momentum+Catalyst,,bt_14,TSLA,buy,market,fill,325.54998779296875,41.0,1,0.0,0.0,gtc,,0.0,1,,stock,,trade,,,,,,,,,,,,
2025-07-31 09:30:00-04:00,StockPulse Momentum+Catalyst,,42ebdc28f2d4474b91edce8a7dfc8158,AMD,sell,market,new,,,1,,0.0,day,,0.0,1,,stock,,trade,,,,,,,,,,,,
2025-07-31 09:30:00-04:00,StockPulse Momentum+Catalyst,,e55a4af8290a445b9925a1a8590a3eaa,GOOGL,sell,market,new,,,1,,0.0,day,,0.0,1,,stock,,trade,,,,,,,,,,,,
2025-07-31 09:30:00-04:00,StockPulse Momentum+Catalyst,,1f28f82c28cf44e9a12ddb6a5a34ed93,MSFT,sell,market,new,,,1,,0.0,day,,0.0,1,,stock,,trade,,,,,,,,,,,,
2025-07-31 09:30:00-04:00,StockPulse Momentum+Catalyst,,fe845fb7fca44873b9adebbccf595801,NVDA,sell,market,new,,,1,,0.0,day,,0.0,1,,stock,,trade,,,,,,,,,,,,
2025-07-31 09:30:00-04:00,StockPulse Momentum+Catalyst,,d4d0fbcd463f4b6f9e3fcf48da2faa0a,AMZN,sell,market,new,,,1,,0.0,day,,0.0,1,,stock,,trade,,,,,,,,,,,,
2025-07-31 09:30:00-04:00,StockPulse Momentum+Catalyst,,ee7ee2e27a824fa38c3bb1bc60d4b407,TSLA,sell,market,new,,,1,,0.0,day,,0.0,1,,stock,,trade,,,,,,,,,,,,
2025-07-31 09:30:00-04:00,StockPulse Momentum+Catalyst,,42ebdc28f2d4474b91edce8a7dfc8158,AMD,sell,market,fill,182.02000427246094,80.0,1,0.0,0.0,day,,0.0,1,,stock,,trade,,,,,,,,,,,,
2025-07-31 09:30:00-04:00,StockPulse Momentum+Catalyst,,e55a4af8290a445b9925a1a8590a3eaa,GOOGL,sell,market,fill,195.7100067138672,68.0,1,0.0,0.0,day,,0.0,1,,stock,,trade,,,,,,,,,,,,
2025-07-31 09:30:00-04:00,StockPulse Momentum+Catalyst,,1f28f82c28cf44e9a12ddb6a5a34ed93,MSFT,sell,market,fill,555.22998046875,25.0,1,0.0,0.0,day,,0.0,1,,stock,,trade,,,,,,,,,,,,
2025-07-31 09:30:00-04:00,StockPulse Momentum+Catalyst,,fe845fb7fca44873b9adebbccf595801,NVDA,sell,market,fill,182.89999389648438,75.0,1,0.0,0.0,day,,0.0,1,,stock,,trade,,,,,,,,,,,,
2025-07-31 09:30:00-04:00,StockPulse Momentum+Catalyst,,d4d0fbcd463f4b6f9e3fcf48da2faa0a,AMZN,sell,market,fill,235.77000427246094,56.0,1,0.0,0.0,day,,0.0,1,,stock,,trade,,,,,,,,,,,,
2025-07-31 09:30:00-04:00,StockPulse Momentum+Catalyst,,ee7ee2e27a824fa38c3bb1bc60d4b407,TSLA,sell,market,fill,319.6099853515625,41.0,1,0.0,0.0,day,,0.0,1,,stock,,trade,,,,,,,,,,,,
2025-08-01 09:30:00-04:00,StockPulse Momentum+Catalyst,,bt_15,MSFT,buy,market,new,,,1,,0.0,gtc,,0.0,1,,stock,,trade,,,,,,,,,,,,
2025-08-01 09:30:00-04:00,StockPulse Momentum+Catalyst,,bt_16,AMZN,buy,market,new,,,1,,0.0,gtc,,0.0,1,,stock,,trade,,,,,,,,,,,,
2025-08-01 09:30:00-04:00,StockPulse Momentum+Catalyst,,bt_17,META,buy,market,new,,,1,,0.0,gtc,,0.0,1,,stock,,trade,,,,,,,,,,,,
2025-08-01 09:30:00-04:00,StockPulse Momentum+Catalyst,,bt_18,AMD,buy,market,new,,,1,,0.0,gtc,,0.0,1,,stock,,trade,,,,,,,,,,,,
2025-08-01 09:30:00-04:00,StockPulse Momentum+Catalyst,,bt_19,GOOGL,buy,market,new,,,1,,0.0,gtc,,0.0,1,,stock,,trade,,,,,,,,,,,,
2025-08-01 09:30:00-04:00,StockPulse Momentum+Catalyst,,bt_20,NVDA,buy,market,new,,,1,,0.0,gtc,,0.0,1,,stock,,trade,,,,,,,,,,,,
2025-08-01 09:30:00-04:00,StockPulse Momentum+Catalyst,,bt_15,MSFT,buy,market,fill,535.0,24.0,1,0.0,0.0,gtc,,0.0,1,,stock,,trade,,,,,,,,,,,,
2025-08-01 09:30:00-04:00,StockPulse Momentum+Catalyst,,bt_16,AMZN,buy,market,fill,217.2100067138672,57.0,1,0.0,0.0,gtc,,0.0,1,,stock,,trade,,,,,,,,,,,,
2025-08-01 09:30:00-04:00,StockPulse Momentum+Catalyst,,bt_17,META,buy,market,fill,760.72998046875,17.0,1,0.0,0.0,gtc,,0.0,1,,stock,,trade,,,,,,,,,,,,
2025-08-01 09:30:00-04:00,StockPulse Momentum+Catalyst,,bt_18,AMD,buy,market,fill,170.16000366210938,74.0,1,0.0,0.0,gtc,,0.0,1,,stock,,trade,,,,,,,,,,,,
2025-08-01 09:30:00-04:00,StockPulse Momentum+Catalyst,,bt_19,GOOGL,buy,market,fill,189.02999877929688,69.0,1,0.0,0.0,gtc,,0.0,1,,stock,,trade,,,,,,,,,,,,
2025-08-01 09:30:00-04:00,StockPulse Momentum+Catalyst,,bt_20,NVDA,buy,market,fill,174.08999633789062,73.0,1,0.0,0.0,gtc,,0.0,1,,stock,,trade,,,,,,,,,,,,
2025-08-04 09:30:00-04:00,StockPulse Momentum+Catalyst,,f7f6795383c4456fa9eaa5c7c22442f4,MSFT,sell,market,new,,,1,,0.0,day,,0.0,1,,stock,,trade,,,,,,,,,,,,
2025-08-04 09:30:00-04:00,StockPulse Momentum+Catalyst,,678eed3a228244afbd64d810af509972,AMZN,sell,market,new,,,1,,0.0,day,,0.0,1,,stock,,trade,,,,,,,,,,,,
2025-08-04 09:30:00-04:00,StockPulse Momentum+Catalyst,,9a5d839c67344c3a9533a12f4cd5535a,META,sell,market,new,,,1,,0.0,day,,0.0,1,,stock,,trade,,,,,,,,,,,,
2025-08-04 09:30:00-04:00,StockPulse Momentum+Catalyst,,f6571d93495b4ee7994acaab34c08966,AMD,sell,market,new,,,1,,0.0,day,,0.0,1,,stock,,trade,,,,,,,,,,,,
2025-08-04 09:30:00-04:00,StockPulse Momentum+Catalyst,,e6f540b7e1804d7eb04f032452d9fdf6,GOOGL,sell,market,new,,,1,,0.0,day,,0.0,1,,stock,,trade,,,,,,,,,,,,
2025-08-04 09:30:00-04:00,StockPulse Momentum+Catalyst,,c3957417633f4a0aa1f9a50f9cbce042,NVDA,sell,market,new,,,1,,0.0,day,,0.0,1,,stock,,trade,,,,,,,,,,,,
2025-08-04 09:30:00-04:00,StockPulse Momentum+Catalyst,,f7f6795383c4456fa9eaa5c7c22442f4,MSFT,sell,market,fill,528.27001953125,24.0,1,0.0,0.0,day,,0.0,1,,stock,,trade,,,,,,,,,,,,
2025-08-04 09:30:00-04:00,StockPulse Momentum+Catalyst,,678eed3a228244afbd64d810af509972,AMZN,sell,market,fill,217.39999389648438,57.0,1,0.0,0.0,day,,0.0,1,,stock,,trade,,,,,,,,,,,,
2025-08-04 09:30:00-04:00,StockPulse Momentum+Catalyst,,9a5d839c67344c3a9533a12f4cd5535a,META,sell,market,fill,760.0,17.0,1,0.0,0.0,day,,0.0,1,,stock,,trade,,,,,,,,,,,,
2025-08-04 09:30:00-04:00,StockPulse Momentum+Catalyst,,f6571d93495b4ee7994acaab34c08966,AMD,sell,market,fill,174.61000061035156,74.0,1,0.0,0.0,day,,0.0,1,,stock,,trade,,,,,,,,,,,,
2025-08-04 09:30:00-04:00,StockPulse Momentum+Catalyst,,e6f540b7e1804d7eb04f032452d9fdf6,GOOGL,sell,market,fill,190.2899932861328,69.0,1,0.0,0.0,day,,0.0,1,,stock,,trade,,,,,,,,,,,,
2025-08-04 09:30:00-04:00,StockPulse Momentum+Catalyst,,c3957417633f4a0aa1f9a50f9cbce042,NVDA,sell,market,fill,175.16000366210938,73.0,1,0.0,0.0,day,,0.0,1,,stock,,trade,,,,,,,,,,,,
2025-08-05 09:30:00-04:00,StockPulse Momentum+Catalyst,,bt_21,MSFT,buy,market,new,,,1,,0.0,gtc,,0.0,1,,stock,,trade,,,,,,,,,,,,
2025-08-05 09:30:00-04:00,StockPulse Momentum+Catalyst,,bt_22,META,buy,market,new,,,1,,0.0,gtc,,0.0,1,,stock,,trade,,,,,,,,,,,,
2025-08-05 09:30:00-04:00,StockPulse Momentum+Catalyst,,bt_23,AMD,buy,market,new,,,1,,0.0,gtc,,0.0,1,,stock,,trade,,,,,,,,,,,,
2025-08-05 09:30:00-04:00,StockPulse Momentum+Catalyst,,bt_24,GOOGL,buy,market,new,,,1,,0.0,gtc,,0.0,1,,stock,,trade,,,,,,,,,,,,
2025-08-05 09:30:00-04:00,StockPulse Momentum+Catalyst,,bt_25,NVDA,buy,market,new,,,1,,0.0,gtc,,0.0,1,,stock,,trade,,,,,,,,,,,,
2025-08-05 09:30:00-04:00,StockPulse Momentum+Catalyst,,bt_21,MSFT,buy,market,fill,537.1799926757812,25.0,1,0.0,0.0,gtc,,0.0,1,,stock,,trade,,,,,,,,,,,,
2025-08-05 09:30:00-04:00,StockPulse Momentum+Catalyst,,bt_22,META,buy,market,fill,776.4500122070312,17.0,1,0.0,0.0,gtc,,0.0,1,,stock,,trade,,,,,,,,,,,,
2025-08-05 09:30:00-04:00,StockPulse Momentum+Catalyst,,bt_23,AMD,buy,market,fill,177.57000732421875,77.0,1,0.0,0.0,gtc,,0.0,1,,stock,,trade,,,,,,,,,,,,
2025-08-05 09:30:00-04:00,StockPulse Momentum+Catalyst,,bt_24,GOOGL,buy,market,fill,194.7100067138672,71.0,1,0.0,0.0,gtc,,0.0,1,,stock,,trade,,,,,,,,,,,,
2025-08-05 09:30:00-04:00,StockPulse Momentum+Catalyst,,bt_25,NVDA,buy,market,fill,179.6199951171875,77.0,1,0.0,0.0,gtc,,0.0,1,,stock,,trade,,,,,,,,,,,,
2025-08-07 09:30:00-04:00,StockPulse Momentum+Catalyst,,bt_26,AAPL,buy,market,new,,,1,,0.0,gtc,,0.0,1,,stock,,trade,,,,,,,,,,,,
2025-08-07 09:30:00-04:00,StockPulse Momentum+Catalyst,,bt_26,AAPL,buy,market,fill,218.8800048828125,65.0,1,0.0,0.0,gtc,,0.0,1,,stock,,trade,,,,,,,,,,,,
2025-08-11 09:30:00-04:00,StockPulse Momentum+Catalyst,,bt_27,TSLA,buy,market,new,,,1,,0.0,gtc,,0.0,1,,stock,,trade,,,,,,,,,,,,
2025-08-11 09:30:00-04:00,StockPulse Momentum+Catalyst,,bt_27,TSLA,buy,market,fill,335.0,40.0,1,0.0,0.0,gtc,,0.0,1,,stock,,trade,,,,,,,,,,,,
2025-08-15 09:30:00-04:00,StockPulse Momentum+Catalyst,,bt_28,AMZN,buy,market,new,,,1,,0.0,gtc,,0.0,1,,stock,,trade,,,,,,,,,,,,
2025-08-15 09:30:00-04:00,StockPulse Momentum+Catalyst,,bt_28,AMZN,buy,market,fill,232.5800018310547,56.0,1,0.0,0.0,gtc,,0.0,1,,stock,,trade,,,,,,,,,,,,
2025-08-19 09:30:00-04:00,StockPulse Momentum+Catalyst,,dbc0ba5846134323989c0cc059d938a0,MSFT,sell,market,new,,,1,,0.0,day,,0.0,1,,stock,,trade,,,,,,,,,,,,
2025-08-19 09:30:00-04:00,StockPulse Momentum+Catalyst,,4909b5d1153f41c6b76e6c539028c2e5,META,sell,market,new,,,1,,0.0,day,,0.0,1,,stock,,trade,,,,,,,,,,,,
2025-08-19 09:30:00-04:00,StockPulse Momentum+Catalyst,,a79839a8a4074363a091b7cd40573c24,AMD,sell,market,new,,,1,,0.0,day,,0.0,1,,stock,,trade,,,,,,,,,,,,
2025-08-19 09:30:00-04:00,StockPulse Momentum+Catalyst,,758e7e52b9774d5599c6e00c1736907b,GOOGL,sell,market,new,,,1,,0.0,day,,0.0,1,,stock,,trade,,,,,,,,,,,,
2025-08-19 09:30:00-04:00,StockPulse Momentum+Catalyst,,34208ca99190493989b1667c59f3eb01,NVDA,sell,market,new,,,1,,0.0,day,,0.0,1,,stock,,trade,,,,,,,,,,,,
2025-08-19 09:30:00-04:00,StockPulse Momentum+Catalyst,,a9c9dc7e91894bcba353d06e872301a5,AAPL,sell,market,new,,,1,,0.0,day,,0.0,1,,stock,,trade,,,,,,,,,,,,
2025-08-19 09:30:00-04:00,StockPulse Momentum+Catalyst,,744f337ae6a24f32b612f3b8c3887d34,TSLA,sell,market,new,,,1,,0.0,day,,0.0,1,,stock,,trade,,,,,,,,,,,,
2025-08-19 09:30:00-04:00,StockPulse Momentum+Catalyst,,cb98d47e04a44c0b84b2ac3296e4e472,AMZN,sell,market,new,,,1,,0.0,day,,0.0,1,,stock,,trade,,,,,,,,,,,,
2025-08-19 09:30:00-04:00,StockPulse Momentum+Catalyst,,dbc0ba5846134323989c0cc059d938a0,MSFT,sell,market,fill,515.0,25.0,1,0.0,0.0,day,,0.0,1,,stock,,trade,,,,,,,,,,,,
2025-08-19 09:30:00-04:00,StockPulse Momentum+Catalyst,,4909b5d1153f41c6b76e6c539028c2e5,META,sell,market,fill,767.1199951171875,17.0,1,0.0,0.0,day,,0.0,1,,stock,,trade,,,,,,,,,,,,
2025-08-19 09:30:00-04:00,StockPulse Momentum+Catalyst,,a79839a8a4074363a091b7cd40573c24,AMD,sell,market,fill,173.10000610351562,77.0,1,0.0,0.0,day,,0.0,1,,stock,,trade,,,,,,,,,,,,
2025-08-19 09:30:00-04:00,StockPulse Momentum+Catalyst,,758e7e52b9774d5599c6e00c1736907b,GOOGL,sell,market,fill,203.02999877929688,71.0,1,0.0,0.0,day,,0.0,1,,stock,,trade,,,,,,,,,,,,
2025-08-19 09:30:00-04:00,StockPulse Momentum+Catalyst,,34208ca99190493989b1667c59f3eb01,NVDA,sell,market,fill,182.42999267578125,77.0,1,0.0,0.0,day,,0.0,1,,stock,,trade,,,,,,,,,,,,
2025-08-19 09:30:00-04:00,StockPulse Momentum+Catalyst,,a9c9dc7e91894bcba353d06e872301a5,AAPL,sell,market,fill,231.27999877929688,65.0,1,0.0,0.0,day,,0.0,1,,stock,,trade,,,,,,,,,,,,
2025-08-19 09:30:00-04:00,StockPulse Momentum+Catalyst,,744f337ae6a24f32b612f3b8c3887d34,TSLA,sell,market,fill,335.7900085449219,40.0,1,0.0,0.0,day,,0.0,1,,stock,,trade,,,,,,,,,,,,
2025-08-19 09:30:00-04:00,StockPulse Momentum+Catalyst,,cb98d47e04a44c0b84b2ac3296e4e472,AMZN,sell,market,fill,230.08999633789062,56.0,1,0.0,0.0,day,,0.0,1,,stock,,trade,,,,,,,,,,,,
2025-08-20 09:30:00-04:00,StockPulse Momentum+Catalyst,,bt_29,AAPL,buy,market,new,,,1,,0.0,gtc,,0.0,1,,stock,,trade,,,,,,,,,,,,
2025-08-20 09:30:00-04:00,StockPulse Momentum+Catalyst,,bt_30,AMZN,buy,market,new,,,1,,0.0,gtc,,0.0,1,,stock,,trade,,,,,,,,,,,,
2025-08-20 09:30:00-04:00,StockPulse Momentum+Catalyst,,bt_31,TSLA,buy,market,new,,,1,,0.0,gtc,,0.0,1,,stock,,trade,,,,,,,,,,,,
2025-08-20 09:30:00-04:00,StockPulse Momentum+Catalyst,,bt_32,GOOGL,buy,market,new,,,1,,0.0,gtc,,0.0,1,,stock,,trade,,,,,,,,,,,,
2025-08-20 09:30:00-04:00,StockPulse Momentum+Catalyst,,bt_29,AAPL,buy,market,fill,229.97999572753906,58.0,1,0.0,0.0,gtc,,0.0,1,,stock,,trade,,,,,,,,,,,,
2025-08-20 09:30:00-04:00,StockPulse Momentum+Catalyst,,bt_30,AMZN,buy,market,fill,227.1199951171875,59.0,1,0.0,0.0,gtc,,0.0,1,,stock,,trade,,,,,,,,,,,,
2025-08-20 09:30:00-04:00,StockPulse Momentum+Catalyst,,bt_31,TSLA,buy,market,fill,329.2200012207031,40.0,1,0.0,0.0,gtc,,0.0,1,,stock,,trade,,,,,,,,,,,,
2025-08-20 09:30:00-04:00,StockPulse Momentum+Catalyst,,bt_32,GOOGL,buy,market,fill,200.72999572753906,67.0,1,0.0,0.0,gtc,,0.0,1,,stock,,trade,,,,,,,,,,,,
2025-08-22 09:30:00-04:00,StockPulse Momentum+Catalyst,,634394246f61420e93c281b7151d6ccb,AAPL,sell,market,new,,,1,,0.0,day,,0.0,1,,stock,,trade,,,,,,,,,,,,
2025-08-22 09:30:00-04:00,StockPulse Momentum+Catalyst,,b47a5a7e39964cd78f5944911b314f93,AMZN,sell,market,new,,,1,,0.0,day,,0.0,1,,stock,,trade,,,,,,,,,,,,
2025-08-22 09:30:00-04:00,StockPulse Momentum+Catalyst,,93534c3b29ce4400b432e586acb9a967,TSLA,sell,market,new,,,1,,0.0,day,,0.0,1,,stock,,trade,,,,,,,,,,,,
2025-08-22 09:30:00-04:00,StockPulse Momentum+Catalyst,,9d63dd9ef5fd44edae0708abb8034a04,GOOGL,sell,market,new,,,1,,0.0,day,,0.0,1,,stock,,trade,,,,,,,,,,,,
2025-08-22 09:30:00-04:00,StockPulse Momentum+Catalyst,,634394246f61420e93c281b7151d6ccb,AAPL,sell,market,canceled,,,1,,0.0,day,,0.0,1,,stock,,trade,,,,,,,,,,,,
2025-08-22 09:30:00-04:00,StockPulse Momentum+Catalyst,,93534c3b29ce4400b432e586acb9a967,TSLA,sell,market,canceled,,,1,,0.0,day,,0.0,1,,stock,,trade,,,,,,,,,,,,
2025-08-22 09:30:00-04:00,StockPulse Momentum+Catalyst,,b47a5a7e39964cd78f5944911b314f93,AMZN,sell,market,canceled,,,1,,0.0,day,,0.0,1,,stock,,trade,,,,,,,,,,,,
2025-08-22 09:30:00-04:00,StockPulse Momentum+Catalyst,,9d63dd9ef5fd44edae0708abb8034a04,GOOGL,sell,market,canceled,,,1,,0.0,day,,0.0,1,,stock,,trade,,,,,,,,,,,,
2025-08-22 09:30:00-04:00,StockPulse Momentum+Catalyst,,8184f1af39234886a67c2647901165d5,AAPL,sell,market,new,,,1,,0.0,day,,0.0,1,,stock,,trade,,,,,,,,,,,,
2025-08-22 09:30:00-04:00,StockPulse Momentum+Catalyst,,ebcbf5b42c6a470c9523eeef5a7fb3e9,AMZN,sell,market,new,,,1,,0.0,day,,0.0,1,,stock,,trade,,,,,,,,,,,,
2025-08-22 09:30:00-04:00,StockPulse Momentum+Catalyst,,809c69b0efe2474e85f175503a1de6a6,TSLA,sell,market,new,,,1,,0.0,day,,0.0,1,,stock,,trade,,,,,,,,,,,,
2025-08-22 09:30:00-04:00,StockPulse Momentum+Catalyst,,e6a4cf34b5bc4ec5aeb82a4b38cd6b27,GOOGL,sell,market,new,,,1,,0.0,day,,0.0,1,,stock,,trade,,,,,,,,,,,,
2025-08-22 09:30:00-04:00,StockPulse Momentum+Catalyst,,8184f1af39234886a67c2647901165d5,AAPL,sell,market,fill,226.1699981689453,58.0,1,0.0,0.0,day,,0.0,1,,stock,,trade,,,,,,,,,,,,
2025-08-22 09:30:00-04:00,StockPulse Momentum+Catalyst,,ebcbf5b42c6a470c9523eeef5a7fb3e9,AMZN,sell,market,fill,222.7899932861328,59.0,1,0.0,0.0,day,,0.0,1,,stock,,trade,,,,,,,,,,,,
2025-08-22 09:30:00-04:00,StockPulse Momentum+Catalyst,,809c69b0efe2474e85f175503a1de6a6,TSLA,sell,market,fill,321.6600036621094,40.0,1,0.0,0.0,day,,0.0,1,,stock,,trade,,,,,,,,,,,,
2025-08-22 09:30:00-04:00,StockPulse Momentum+Catalyst,,e6a4cf34b5bc4ec5aeb82a4b38cd6b27,GOOGL,sell,market,fill,202.72999572753906,67.0,1,0.0,0.0,day,,0.0,1,,stock,,trade,,,,,,,,,,,,
2025-08-25 09:30:00-04:00,StockPulse Momentum+Catalyst,,bt_33,TSLA,buy,market,new,,,1,,0.0,gtc,,0.0,1,,stock,,trade,,,,,,,,,,,,
2025-08-25 09:30:00-04:00,StockPulse Momentum+Catalyst,,bt_34,GOOGL,buy,market,new,,,1,,0.0,gtc,,0.0,1,,stock,,trade,,,,,,,,,,,,
2025-08-25 09:30:00-04:00,StockPulse Momentum+Catalyst,,bt_35,AAPL,buy,market,new,,,1,,0.0,gtc,,0.0,1,,stock,,trade,,,,,,,,,,,,
2025-08-25 09:30:00-04:00,StockPulse Momentum+Catalyst,,bt_36,AMZN,buy,market,new,,,1,,0.0,gtc,,0.0,1,,stock,,trade,,,,,,,,,,,,
2025-08-25 09:30:00-04:00,StockPulse Momentum+Catalyst,,bt_33,TSLA,buy,market,fill,338.8999938964844,42.0,1,0.0,0.0,gtc,,0.0,1,,stock,,trade,,,,,,,,,,,,
2025-08-25 09:30:00-04:00,StockPulse Momentum+Catalyst,,bt_34,GOOGL,buy,market,fill,206.42999267578125,66.0,1,0.0,0.0,gtc,,0.0,1,,stock,,trade,,,,,,,,,,,,
2025-08-25 09:30:00-04:00,StockPulse Momentum+Catalyst,,bt_35,AAPL,buy,market,fill,226.47999572753906,59.0,1,0.0,0.0,gtc,,0.0,1,,stock,,trade,,,,,,,,,,,,
2025-08-25 09:30:00-04:00,StockPulse Momentum+Catalyst,,bt_36,AMZN,buy,market,fill,227.35000610351562,60.0,1,0.0,0.0,gtc,,0.0,1,,stock,,trade,,,,,,,,,,,,
2025-09-03 09:30:00-04:00,StockPulse Momentum+Catalyst,,5bc3b75760ee47e0823574f4dd8b949b,TSLA,sell,market,new,,,1,,0.0,day,,0.0,1,,stock,,trade,,,,,,,,,,,,
2025-09-03 09:30:00-04:00,StockPulse Momentum+Catalyst,,11422a8a3b254daaa09bfed416307a06,GOOGL,sell,market,new,,,1,,0.0,day,,0.0,1,,stock,,trade,,,,,,,,,,,,
2025-09-03 09:30:00-04:00,StockPulse Momentum+Catalyst,,9959aa48979e478993c798bbcde456aa,AAPL,sell,market,new,,,1,,0.0,day,,0.0,1,,stock,,trade,,,,,,,,,,,,
2025-09-03 09:30:00-04:00,StockPulse Momentum+Catalyst,,2e6cf9b5f95e4149be5f18ff158e8b59,AMZN,sell,market,new,,,1,,0.0,day,,0.0,1,,stock,,trade,,,,,,,,,,,,
2025-09-03 09:30:00-04:00,StockPulse Momentum+Catalyst,,5bc3b75760ee47e0823574f4dd8b949b,TSLA,sell,market,fill,335.20001220703125,42.0,1,0.0,0.0,day,,0.0,1,,stock,,trade,,,,,,,,,,,,
2025-09-03 09:30:00-04:00,StockPulse Momentum+Catalyst,,11422a8a3b254daaa09bfed416307a06,GOOGL,sell,market,fill,226.2100067138672,66.0,1,0.0,0.0,day,,0.0,1,,stock,,trade,,,,,,,,,,,,
2025-09-03 09:30:00-04:00,StockPulse Momentum+Catalyst,,9959aa48979e478993c798bbcde456aa,AAPL,sell,market,fill,237.2100067138672,59.0,1,0.0,0.0,day,,0.0,1,,stock,,trade,,,,,,,,,,,,
2025-09-03 09:30:00-04:00,StockPulse Momentum+Catalyst,,2e6cf9b5f95e4149be5f18ff158e8b59,AMZN,sell,market,fill,225.2100067138672,60.0,1,0.0,0.0,day,,0.0,1,,stock,,trade,,,,,,,,,,,,
2025-09-04 09:30:00-04:00,StockPulse Momentum+Catalyst,,bt_37,GOOGL,buy,market,new,,,1,,0.0,gtc,,0.0,1,,stock,,trade,,,,,,,,,,,,
2025-09-04 09:30:00-04:00,StockPulse Momentum+Catalyst,,bt_38,AAPL,buy,market,new,,,1,,0.0,gtc,,0.0,1,,stock,,trade,,,,,,,,,,,,
2025-09-04 09:30:00-04:00,StockPulse Momentum+Catalyst,,bt_39,TSLA,buy,market,new,,,1,,0.0,gtc,,0.0,1,,stock,,trade,,,,,,,,,,,,
2025-09-04 09:30:00-04:00,StockPulse Momentum+Catalyst,,bt_37,GOOGL,buy,market,fill,229.64999389648438,60.0,1,0.0,0.0,gtc,,0.0,1,,stock,,trade,,,,,,,,,,,,
2025-09-04 09:30:00-04:00,StockPulse Momentum+Catalyst,,bt_38,AAPL,buy,market,fill,238.4499969482422,57.0,1,0.0,0.0,gtc,,0.0,1,,stock,,trade,,,,,,,,,,,,
2025-09-04 09:30:00-04:00,StockPulse Momentum+Catalyst,,bt_39,TSLA,buy,market,fill,336.1499938964844,40.0,1,0.0,0.0,gtc,,0.0,1,,stock,,trade,,,,,,,,,,,,
2025-09-05 09:30:00-04:00,StockPulse Momentum+Catalyst,,bt_40,AMZN,buy,market,new,,,1,,0.0,gtc,,0.0,1,,stock,,trade,,,,,,,,,,,,
2025-09-05 09:30:00-04:00,StockPulse Momentum+Catalyst,,bt_40,AMZN,buy,market,fill,235.19000244140625,59.0,1,0.0,0.0,gtc,,0.0,1,,stock,,trade,,,,,,,,,,,,
2025-09-10 09:30:00-04:00,StockPulse Momentum+Catalyst,,bt_41,META,buy,market,new,,,1,,0.0,gtc,,0.0,1,,stock,,trade,,,,,,,,,,,,
2025-09-10 09:30:00-04:00,StockPulse Momentum+Catalyst,,bt_41,META,buy,market,fill,765.1300048828125,18.0,1,0.0,0.0,gtc,,0.0,1,,stock,,trade,,,,,,,,,,,,
2025-09-11 09:30:00-04:00,StockPulse Momentum+Catalyst,,87b01c734848448ea8bd06afa40b0867,GOOGL,sell,market,new,,,1,,0.0,day,,0.0,1,,stock,,trade,,,,,,,,,,,,
2025-09-11 09:30:00-04:00,StockPulse Momentum+Catalyst,,c718baa0ec21402da040cae6a966155a,AAPL,sell,market,new,,,1,,0.0,day,,0.0,1,,stock,,trade,,,,,,,,,,,,
2025-09-11 09:30:00-04:00,StockPulse Momentum+Catalyst,,5fc67d738d5f4abdaf3962ba33daf2d6,TSLA,sell,market,new,,,1,,0.0,day,,0.0,1,,stock,,trade,,,,,,,,,,,,
2025-09-11 09:30:00-04:00,StockPulse Momentum+Catalyst,,382bd8d66d73440a9a663aaee69ffe2b,AMZN,sell,market,new,,,1,,0.0,day,,0.0,1,,stock,,trade,,,,,,,,,,,,
2025-09-11 09:30:00-04:00,StockPulse Momentum+Catalyst,,c17a5d5b57344d2fb78fdec8e42c5f5f,META,sell,market,new,,,1,,0.0,day,,0.0,1,,stock,,trade,,,,,,,,,,,,
2025-09-11 09:30:00-04:00,StockPulse Momentum+Catalyst,,87b01c734848448ea8bd06afa40b0867,GOOGL,sell,market,fill,239.8800048828125,60.0,1,0.0,0.0,day,,0.0,1,,stock,,trade,,,,,,,,,,,,
2025-09-11 09:30:00-04:00,StockPulse Momentum+Catalyst,,c718baa0ec21402da040cae6a966155a,AAPL,sell,market,fill,226.8800048828125,57.0,1,0.0,0.0,day,,0.0,1,,stock,,trade,,,,,,,,,,,,
2025-09-11 09:30:00-04:00,StockPulse Momentum+Catalyst,,5fc67d738d5f4abdaf3962ba33daf2d6,TSLA,sell,market,fill,350.1700134277344,40.0,1,0.0,0.0,day,,0.0,1,,stock,,trade,,,,,,,,,,,,
2025-09-11 09:30:00-04:00,StockPulse Momentum+Catalyst,,382bd8d66d73440a9a663aaee69ffe2b,AMZN,sell,market,fill,231.49000549316406,59.0,1,0.0,0.0,day,,0.0,1,,stock,,trade,,,,,,,,,,,,
2025-09-11 09:30:00-04:00,StockPulse Momentum+Catalyst,,c17a5d5b57344d2fb78fdec8e42c5f5f,META,sell,market,fill,754.6500244140625,18.0,1,0.0,0.0,day,,0.0,1,,stock,,trade,,,,,,,,,,,,
2025-09-12 09:30:00-04:00,StockPulse Momentum+Catalyst,,bt_42,GOOGL,buy,market,new,,,1,,0.0,gtc,,0.0,1,,stock,,trade,,,,,,,,,,,,
2025-09-12 09:30:00-04:00,StockPulse Momentum+Catalyst,,bt_43,TSLA,buy,market,new,,,1,,0.0,gtc,,0.0,1,,stock,,trade,,,,,,,,,,,,
2025-09-12 09:30:00-04:00,StockPulse Momentum+Catalyst,,bt_44,AMZN,buy,market,new,,,1,,0.0,gtc,,0.0,1,,stock,,trade,,,,,,,,,,,,
2025-09-12 09:30:00-04:00,StockPulse Momentum+Catalyst,,bt_42,GOOGL,buy,market,fill,240.3699951171875,57.0,1,0.0,0.0,gtc,,0.0,1,,stock,,trade,,,,,,,,,,,,
2025-09-12 09:30:00-04:00,StockPulse Momentum+Catalyst,,bt_43,TSLA,buy,market,fill,370.94000244140625,39.0,1,0.0,0.0,gtc,,0.0,1,,stock,,trade,,,,,,,,,,,,
2025-09-12 09:30:00-04:00,StockPulse Momentum+Catalyst,,bt_44,AMZN,buy,market,fill,230.35000610351562,59.0,1,0.0,0.0,gtc,,0.0,1,,stock,,trade,,,,,,,,,,,,
2025-09-15 09:30:00-04:00,StockPulse Momentum+Catalyst,,bt_45,AAPL,buy,market,new,,,1,,0.0,gtc,,0.0,1,,stock,,trade,,,,,,,,,,,,
2025-09-15 09:30:00-04:00,StockPulse Momentum+Catalyst,,bt_46,META,buy,market,new,,,1,,0.0,gtc,,0.0,1,,stock,,trade,,,,,,,,,,,,
2025-09-15 09:30:00-04:00,StockPulse Momentum+Catalyst,,bt_47,NVDA,buy,market,new,,,1,,0.0,gtc,,0.0,1,,stock,,trade,,,,,,,,,,,,
2025-09-15 09:30:00-04:00,StockPulse Momentum+Catalyst,,bt_45,AAPL,buy,market,fill,237.0,59.0,1,0.0,0.0,gtc,,0.0,1,,stock,,trade,,,,,,,,,,,,
2025-09-15 09:30:00-04:00,StockPulse Momentum+Catalyst,,bt_46,META,buy,market,fill,757.469970703125,18.0,1,0.0,0.0,gtc,,0.0,1,,stock,,trade,,,,,,,,,,,,
2025-09-15 09:30:00-04:00,StockPulse Momentum+Catalyst,,bt_47,NVDA,buy,market,fill,175.6699981689453,76.0,1,0.0,0.0,gtc,,0.0,1,,stock,,trade,,,,,,,,,,,,
2025-09-16 09:30:00-04:00,StockPulse Momentum+Catalyst,,bt_48,MSFT,buy,market,new,,,1,,0.0,gtc,,0.0,1,,stock,,trade,,,,,,,,,,,,
2025-09-16 09:30:00-04:00,StockPulse Momentum+Catalyst,,bt_48,MSFT,buy,market,fill,516.8800048828125,26.0,1,0.0,0.0,gtc,,0.0,1,,stock,,trade,,,,,,,,,,,,
2025-09-18 09:30:00-04:00,StockPulse Momentum+Catalyst,,b7a7ece3f029495b8cb3dc723e4f597c,GOOGL,sell,market,new,,,1,,0.0,day,,0.0,1,,stock,,trade,,,,,,,,,,,,
2025-09-18 09:30:00-04:00,StockPulse Momentum+Catalyst,,e1702ea0ba304074b4b1c2d419815f0e,TSLA,sell,market,new,,,1,,0.0,day,,0.0,1,,stock,,trade,,,,,,,,,,,,
2025-09-18 09:30:00-04:00,StockPulse Momentum+Catalyst,,2233ac38155e49f2a3c41abbfeafea89,AMZN,sell,market,new,,,1,,0.0,day,,0.0,1,,stock,,trade,,,,,,,,,,,,
2025-09-18 09:30:00-04:00,StockPulse Momentum+Catalyst,,46a1a26c5b7945c6839b730683f16cad,AAPL,sell,market,new,,,1,,0.0,day,,0.0,1,,stock,,trade,,,,,,,,,,,,
2025-09-18 09:30:00-04:00,StockPulse Momentum+Catalyst,,4d5e2be724854af59a8bcfaa2044c88a,META,sell,market,new,,,1,,0.0,day,,0.0,1,,stock,,trade,,,,,,,,,,,,
2025-09-18 09:30:00-04:00,StockPulse Momentum+Catalyst,,b11f6ad6eead41c4863651ea4e7d16c8,NVDA,sell,market,new,,,1,,0.0,day,,0.0,1,,stock,,trade,,,,,,,,,,,,
2025-09-18 09:30:00-04:00,StockPulse Momentum+Catalyst,,062c7f92fce0411398ad2f79e60de911,MSFT,sell,market,new,,,1,,0.0,day,,0.0,1,,stock,,trade,,,,,,,,,,,,
2025-09-18 09:30:00-04:00,StockPulse Momentum+Catalyst,,b7a7ece3f029495b8cb3dc723e4f597c,GOOGL,sell,market,fill,251.67999267578125,57.0,1,0.0,0.0,day,,0.0,1,,stock,,trade,,,,,,,,,,,,
2025-09-18 09:30:00-04:00,StockPulse Momentum+Catalyst,,e1702ea0ba304074b4b1c2d419815f0e,TSLA,sell,market,fill,428.8699951171875,39.0,1,0.0,0.0,day,,0.0,1,,stock,,trade,,,,,,,,,,,,
2025-09-18 09:30:00-04:00,StockPulse Momentum+Catalyst,,2233ac38155e49f2a3c41abbfeafea89,AMZN,sell,market,fill,232.5,59.0,1,0.0,0.0,day,,0.0,1,,stock,,trade,,,,,,,,,,,,
2025-09-18 09:30:00-04:00,StockPulse Momentum+Catalyst,,46a1a26c5b7945c6839b730683f16cad,AAPL,sell,market,fill,239.97000122070312,59.0,1,0.0,0.0,day,,0.0,1,,stock,,trade,,,,,,,,,,,,
2025-09-18 09:30:00-04:00,StockPulse Momentum+Catalyst,,4d5e2be724854af59a8bcfaa2044c88a,META,sell,market,fill,780.75,18.0,1,0.0,0.0,day,,0.0,1,,stock,,trade,,,,,,,,,,,,
2025-09-18 09:30:00-04:00,StockPulse Momentum+Catalyst,,b11f6ad6eead41c4863651ea4e7d16c8,NVDA,sell,market,fill,173.97999572753906,76.0,1,0.0,0.0,day,,0.0,1,,stock,,trade,,,,,,,,,,,,
2025-09-18 09:30:00-04:00,StockPulse Momentum+Catalyst,,062c7f92fce0411398ad2f79e60de911,MSFT,sell,market,fill,511.489990234375,26.0,1,0.0,0.0,day,,0.0,1,,stock,,trade,,,,,,,,,,,,
2025-09-19 09:30:00-04:00,StockPulse Momentum+Catalyst,,bt_49,GOOGL,buy,market,new,,,1,,0.0,gtc,,0.0,1,,stock,,trade,,,,,,,,,,,,
2025-09-19 09:30:00-04:00,StockPulse Momentum+Catalyst,,bt_50,TSLA,buy,market,new,,,1,,0.0,gtc,,0.0,1,,stock,,trade,,,,,,,,,,,,
2025-09-19 09:30:00-04:00,StockPulse Momentum+Catalyst,,bt_51,META,buy,market,new,,,1,,0.0,gtc,,0.0,1,,stock,,trade,,,,,,,,,,,,
2025-09-19 09:30:00-04:00,StockPulse Momentum+Catalyst,,bt_52,AAPL,buy,market,new,,,1,,0.0,gtc,,0.0,1,,stock,,trade,,,,,,,,,,,,
2025-09-19 09:30:00-04:00,StockPulse Momentum+Catalyst,,bt_53,NVDA,buy,market,new,,,1,,0.0,gtc,,0.0,1,,stock,,trade,,,,,,,,,,,,
2025-09-19 09:30:00-04:00,StockPulse Momentum+Catalyst,,bt_49,GOOGL,buy,market,fill,253.25,56.0,1,0.0,0.0,gtc,,0.0,1,,stock,,trade,,,,,,,,,,,,
2025-09-19 09:30:00-04:00,StockPulse Momentum+Catalyst,,bt_50,TSLA,buy,market,fill,421.82000732421875,33.0,1,0.0,0.0,gtc,,0.0,1,,stock,,trade,,,,,,,,,,,,
2025-09-19 09:30:00-04:00,StockPulse Momentum+Catalyst,,bt_51,META,buy,market,fill,786.4199829101562,18.0,1,0.0,0.0,gtc,,0.0,1,,stock,,trade,,,,,,,,,,,,
2025-09-19 09:30:00-04:00,StockPulse Momentum+Catalyst,,bt_52,AAPL,buy,market,fill,241.22999572753906,59.0,1,0.0,0.0,gtc,,0.0,1,,stock,,trade,,,,,,,,,,,,
2025-09-19 09:30:00-04:00,StockPulse Momentum+Catalyst,,bt_53,NVDA,buy,market,fill,175.77000427246094,81.0,1,0.0,0.0,gtc,,0.0,1,,stock,,trade,,,,,,,,,,,,
2025-09-22 09:30:00-04:00,StockPulse Momentum+Catalyst,,bt_54,MSFT,buy,market,new,,,1,,0.0,gtc,,0.0,1,,stock,,trade,,,,,,,,,,,,
2025-09-22 09:30:00-04:00,StockPulse Momentum+Catalyst,,bt_55,AMZN,buy,market,new,,,1,,0.0,gtc,,0.0,1,,stock,,trade,,,,,,,,,,,,
2025-09-22 09:30:00-04:00,StockPulse Momentum+Catalyst,,bt_54,MSFT,buy,market,fill,515.5900268554688,27.0,1,0.0,0.0,gtc,,0.0,1,,stock,,trade,,,,,,,,,,,,
2025-09-22 09:30:00-04:00,StockPulse Momentum+Catalyst,,bt_55,AMZN,buy,market,fill,230.55999755859375,61.0,1,0.0,0.0,gtc,,0.0,1,,stock,,trade,,,,,,,,,,,,
2025-09-23 09:30:00-04:00,StockPulse Momentum+Catalyst,,aeb65597094144cfb219c41ab54b1a36,GOOGL,sell,market,new,,,1,,0.0,day,,0.0,1,,stock,,trade,,,,,,,,,,,,
2025-09-23 09:30:00-04:00,StockPulse Momentum+Catalyst,,42ab77c70d5c41e08b42c56a2d4a0423,TSLA,sell,market,new,,,1,,0.0,day,,0.0,1,,stock,,trade,,,,,,,,,,,,
2025-09-23 09:30:00-04:00,StockPulse Momentum+Catalyst,,3296b57e7b0048368e0acfa61f9980a3,META,sell,market,new,,,1,,0.0,day,,0.0,1,,stock,,trade,,,,,,,,,,,,
2025-09-23 09:30:00-04:00,StockPulse Momentum+Catalyst,,6b1b34c2db754638a7044c43a3530c97,AAPL,sell,market,new,,,1,,0.0,day,,0.0,1,,stock,,trade,,,,,,,,,,,,
2025-09-23 09:30:00-04:00,StockPulse Momentum+Catalyst,,dd626913a52a471f8239f477780422bc,NVDA,sell,market,new,,,1,,0.0,day,,0.0,1,,stock,,trade,,,,,,,,,,,,
2025-09-23 09:30:00-04:00,StockPulse Momentum+Catalyst,,633a98ec91bf49a189ac8ce2421fa7bc,MSFT,sell,market,new,,,1,,0.0,day,,0.0,1,,stock,,trade,,,,,,,,,,,,
2025-09-23 09:30:00-04:00,StockPulse Momentum+Catalyst,,2a7d26a66a7d4afe903c18747c08d30e,AMZN,sell,market,new,,,1,,0.0,day,,0.0,1,,stock,,trade,,,,,,,,,,,,
2025-09-23 09:30:00-04:00,StockPulse Momentum+Catalyst,,aeb65597094144cfb219c41ab54b1a36,GOOGL,sell,market,fill,253.0399932861328,56.0,1,0.0,0.0,day,,0.0,1,,stock,,trade,,,,,,,,,,,,
2025-09-23 09:30:00-04:00,StockPulse Momentum+Catalyst,,42ab77c70d5c41e08b42c56a2d4a0423,TSLA,sell,market,fill,439.8800048828125,33.0,1,0.0,0.0,day,,0.0,1,,stock,,trade,,,,,,,,,,,,
2025-09-23 09:30:00-04:00,StockPulse Momentum+Catalyst,,3296b57e7b0048368e0acfa61f9980a3,META,sell,market,fill,769.25,18.0,1,0.0,0.0,day,,0.0,1,,stock,,trade,,,,,,,,,,,,
2025-09-23 09:30:00-04:00,StockPulse Momentum+Catalyst,,6b1b34c2db754638a7044c43a3530c97,AAPL,sell,market,fill,255.8800048828125,59.0,1,0.0,0.0,day,,0.0,1,,stock,,trade,,,,,,,,,,,,
2025-09-23 09:30:00-04:00,StockPulse Momentum+Catalyst,,dd626913a52a471f8239f477780422bc,NVDA,sell,market,fill,181.97000122070312,81.0,1,0.0,0.0,day,,0.0,1,,stock,,trade,,,,,,,,,,,,
2025-09-23 09:30:00-04:00,StockPulse Momentum+Catalyst,,633a98ec91bf49a189ac8ce2421fa7bc,MSFT,sell,market,fill,513.7999877929688,27.0,1,0.0,0.0,day,,0.0,1,,stock,,trade,,,,,,,,,,,,
2025-09-23 09:30:00-04:00,StockPulse Momentum+Catalyst,,2a7d26a66a7d4afe903c18747c08d30e,AMZN,sell,market,fill,227.8300018310547,61.0,1,0.0,0.0,day,,0.0,1,,stock,,trade,,,,,,,,,,,,
2025-09-24 09:30:00-04:00,StockPulse Momentum+Catalyst,,bt_56,TSLA,buy,market,new,,,1,,0.0,gtc,,0.0,1,,stock,,trade,,,,,,,,,,,,
2025-09-24 09:30:00-04:00,StockPulse Momentum+Catalyst,,bt_57,AAPL,buy,market,new,,,1,,0.0,gtc,,0.0,1,,stock,,trade,,,,,,,,,,,,
2025-09-24 09:30:00-04:00,StockPulse Momentum+Catalyst,,bt_58,GOOGL,buy,market,new,,,1,,0.0,gtc,,0.0,1,,stock,,trade,,,,,,,,,,,,
2025-09-24 09:30:00-04:00,StockPulse Momentum+Catalyst,,bt_59,NVDA,buy,market,new,,,1,,0.0,gtc,,0.0,1,,stock,,trade,,,,,,,,,,,,
2025-09-24 09:30:00-04:00,StockPulse Momentum+Catalyst,,bt_60,AMD,buy,market,new,,,1,,0.0,gtc,,0.0,1,,stock,,trade,,,,,,,,,,,,
2025-09-24 09:30:00-04:00,StockPulse Momentum+Catalyst,,bt_56,TSLA,buy,market,fill,429.8299865722656,32.0,1,0.0,0.0,gtc,,0.0,1,,stock,,trade,,,,,,,,,,,,
2025-09-24 09:30:00-04:00,StockPulse Momentum+Catalyst,,bt_57,AAPL,buy,market,fill,255.22000122070312,56.0,1,0.0,0.0,gtc,,0.0,1,,stock,,trade,,,,,,,,,,,,
2025-09-24 09:30:00-04:00,StockPulse Momentum+Catalyst,,bt_58,GOOGL,buy,market,fill,251.66000366210938,56.0,1,0.0,0.0,gtc,,0.0,1,,stock,,trade,,,,,,,,,,,,
2025-09-24 09:30:00-04:00,StockPulse Momentum+Catalyst,,bt_59,NVDA,buy,market,fill,179.77000427246094,78.0,1,0.0,0.0,gtc,,0.0,1,,stock,,trade,,,,,,,,,,,,
2025-09-24 09:30:00-04:00,StockPulse Momentum+Catalyst,,bt_60,AMD,buy,market,fill,162.97999572753906,89.0,1,0.0,0.0,gtc,,0.0,1,,stock,,trade,,,,,,,,,,,,
2025-09-30 09:30:00-04:00,StockPulse Momentum+Catalyst,,bt_61,MSFT,buy,market,new,,,1,,0.0,gtc,,0.0,1,,stock,,trade,,,,,,,,,,,,
2025-09-30 09:30:00-04:00,StockPulse Momentum+Catalyst,,bt_61,MSFT,buy,market,fill,513.239990234375,28.0,1,0.0,0.0,gtc,,0.0,1,,stock,,trade,,,,,,,,,,,,
2025-10-10 09:30:00-04:00,StockPulse Momentum+Catalyst,,bt_62,AMZN,buy,market,new,,,1,,0.0,gtc,,0.0,1,,stock,,trade,,,,,,,,,,,,
2025-10-10 09:30:00-04:00,StockPulse Momentum+Catalyst,,bt_62,AMZN,buy,market,fill,226.2100067138672,66.0,1,0.0,0.0,gtc,,0.0,1,,stock,,trade,,,,,,,,,,,,
2025-10-13 09:30:00-04:00,StockPulse Momentum+Catalyst,,44cff47e6fea495a8c3e4683c4ec17a8,TSLA,sell,market,new,,,1,,0.0,day,,0.0,1,,stock,,trade,,,,,,,,,,,,
2025-10-13 09:30:00-04:00,StockPulse Momentum+Catalyst,,2ae3635c443c466eaa87ab80795d4fc7,AAPL,sell,market,new,,,1,,0.0,day,,0.0,1,,stock,,trade,,,,,,,,,,,,
2025-10-13 09:30:00-04:00,StockPulse Momentum+Catalyst,,62dad97ac02a4048aaefda89bb20197c,GOOGL,sell,market,new,,,1,,0.0,day,,0.0,1,,stock,,trade,,,,,,,,,,,,
2025-10-13 09:30:00-04:00,StockPulse Momentum+Catalyst,,2cf43b10568346e78da0b7f6d3e77a68,NVDA,sell,market,new,,,1,,0.0,day,,0.0,1,,stock,,trade,,,,,,,,,,,,
2025-10-13 09:30:00-04:00,StockPulse Momentum+Catalyst,,e44fb14b12f341cdbc09b8e3c2689bc5,AMD,sell,market,new,,,1,,0.0,day,,0.0,1,,stock,,trade,,,,,,,,,,,,
2025-10-13 09:30:00-04:00,StockPulse Momentum+Catalyst,,964c1b520c7b4b4ba0516cd22ac79559,MSFT,sell,market,new,,,1,,0.0,day,,0.0,1,,stock,,trade,,,,,,,,,,,,
2025-10-13 09:30:00-04:00,StockPulse Momentum+Catalyst,,190a311348bc436088f856a721da39b7,AMZN,sell,market,new,,,1,,0.0,day,,0.0,1,,stock,,trade,,,,,,,,,,,,
2025-10-13 09:30:00-04:00,StockPulse Momentum+Catalyst,,44cff47e6fea495a8c3e4683c4ec17a8,TSLA,sell,market,canceled,,,1,,0.0,day,,0.0,1,,stock,,trade,,,,,,,,,,,,
2025-10-13 09:30:00-04:00,StockPulse Momentum+Catalyst,,62dad97ac02a4048aaefda89bb20197c,GOOGL,sell,market,canceled,,,1,,0.0,day,,0.0,1,,stock,,trade,,,,,,,,,,,,
2025-10-13 09:30:00-04:00,StockPulse Momentum+Catalyst,,2ae3635c443c466eaa87ab80795d4fc7,AAPL,sell,market,canceled,,,1,,0.0,day,,0.0,1,,stock,,trade,,,,,,,,,,,,
2025-10-13 09:30:00-04:00,StockPulse Momentum+Catalyst,,e44fb14b12f341cdbc09b8e3c2689bc5,AMD,sell,market,canceled,,,1,,0.0,day,,0.0,1,,stock,,trade,,,,,,,,,,,,
2025-10-13 09:30:00-04:00,StockPulse Momentum+Catalyst,,2cf43b10568346e78da0b7f6d3e77a68,NVDA,sell,market,canceled,,,1,,0.0,day,,0.0,1,,stock,,trade,,,,,,,,,,,,
2025-10-13 09:30:00-04:00,StockPulse Momentum+Catalyst,,964c1b520c7b4b4ba0516cd22ac79559,MSFT,sell,market,canceled,,,1,,0.0,day,,0.0,1,,stock,,trade,,,,,,,,,,,,
2025-10-13 09:30:00-04:00,StockPulse Momentum+Catalyst,,190a311348bc436088f856a721da39b7,AMZN,sell,market,canceled,,,1,,0.0,day,,0.0,1,,stock,,trade,,,,,,,,,,,,
2025-10-13 09:30:00-04:00,StockPulse Momentum+Catalyst,,c7988b6852b144aeb16bd3350fab24d9,TSLA,sell,market,new,,,1,,0.0,day,,0.0,1,,stock,,trade,,,,,,,,,,,,
2025-10-13 09:30:00-04:00,StockPulse Momentum+Catalyst,,c776b13502ac41dc9a6090c37a6c6659,AAPL,sell,market,new,,,1,,0.0,day,,0.0,1,,stock,,trade,,,,,,,,,,,,
2025-10-13 09:30:00-04:00,StockPulse Momentum+Catalyst,,a8cb170c6f064e2db9fd7bb0978ce0a4,GOOGL,sell,market,new,,,1,,0.0,day,,0.0,1,,stock,,trade,,,,,,,,,,,,
2025-10-13 09:30:00-04:00,StockPulse Momentum+Catalyst,,3bee7fa99b13443b94802fbb558d742a,NVDA,sell,market,new,,,1,,0.0,day,,0.0,1,,stock,,trade,,,,,,,,,,,,
2025-10-13 09:30:00-04:00,StockPulse Momentum+Catalyst,,1cb9ff9728574eb1839af3831dab86ae,AMD,sell,market,new,,,1,,0.0,day,,0.0,1,,stock,,trade,,,,,,,,,,,,
2025-10-13 09:30:00-04:00,StockPulse Momentum+Catalyst,,5f1fe8522dc74622af36fc1e5d25c678,MSFT,sell,market,new,,,1,,0.0,day,,0.0,1,,stock,,trade,,,,,,,,,,,,
2025-10-13 09:30:00-04:00,StockPulse Momentum+Catalyst,,b43f8f699791439791f99c503b734357,AMZN,sell,market,new,,,1,,0.0,day,,0.0,1,,stock,,trade,,,,,,,,,,,,
2025-10-13 09:30:00-04:00,StockPulse Momentum+Catalyst,,c7988b6852b144aeb16bd3350fab24d9,TSLA,sell,market,fill,423.5299987792969,32.0,1,0.0,0.0,day,,0.0,1,,stock,,trade,,,,,,,,,,,,
2025-10-13 09:30:00-04:00,StockPulse Momentum+Catalyst,,c776b13502ac41dc9a6090c37a6c6659,AAPL,sell,market,fill,249.3800048828125,56.0,1,0.0,0.0,day,,0.0,1,,stock,,trade,,,,,,,,,,,,
2025-10-13 09:30:00-04:00,StockPulse Momentum+Catalyst,,a8cb170c6f064e2db9fd7bb0978ce0a4,GOOGL,sell,market,fill,240.2100067138672,56.0,1,0.0,0.0,day,,0.0,1,,stock,,trade,,,,,,,,,,,,
2025-10-13 09:30:00-04:00,StockPulse Momentum+Catalyst,,3bee7fa99b13443b94802fbb558d742a,NVDA,sell,market,fill,187.97000122070312,78.0,1,0.0,0.0,day,,0.0,1,,stock,,trade,,,,,,,,,,,,
2025-10-13 09:30:00-04:00,StockPulse Momentum+Catalyst,,1cb9ff9728574eb1839af3831dab86ae,AMD,sell,market,fill,220.1999969482422,89.0,1,0.0,0.0,day,,0.0,1,,stock,,trade,,,,,,,,,,,,
2025-10-13 09:30:00-04:00,StockPulse Momentum+Catalyst,,5f1fe8522dc74622af36fc1e5d25c678,MSFT,sell,market,fill,516.4099731445312,28.0,1,0.0,0.0,day,,0.0,1,,stock,,trade,,,,,,,,,,,,
2025-10-13 09:30:00-04:00,StockPulse Momentum+Catalyst,,b43f8f699791439791f99c503b734357,AMZN,sell,market,fill,217.6999969482422,66.0,1,0.0,0.0,day,,0.0,1,,stock,,trade,,,,,,,,,,,,
2025-10-14 09:30:00-04:00,StockPulse Momentum+Catalyst,,bt_63,AMD,buy,market,new,,,1,,0.0,gtc,,0.0,1,,stock,,trade,,,,,,,,,,,,
2025-10-14 09:30:00-04:00,StockPulse Momentum+Catalyst,,bt_64,NVDA,buy,market,new,,,1,,0.0,gtc,,0.0,1,,stock,,trade,,,,,,,,,,,,
2025-10-14 09:30:00-04:00,StockPulse Momentum+Catalyst,,bt_65,TSLA,buy,market,new,,,1,,0.0,gtc,,0.0,1,,stock,,trade,,,,,,,,,,,,
2025-10-14 09:30:00-04:00,StockPulse Momentum+Catalyst,,bt_63,AMD,buy,market,fill,219.1999969482422,67.0,1,0.0,0.0,gtc,,0.0,1,,stock,,trade,,,,,,,,,,,,
2025-10-14 09:30:00-04:00,StockPulse Momentum+Catalyst,,bt_64,NVDA,buy,market,fill,184.77000427246094,79.0,1,0.0,0.0,gtc,,0.0,1,,stock,,trade,,,,,,,,,,,,
2025-10-14 09:30:00-04:00,StockPulse Momentum+Catalyst,,bt_65,TSLA,buy,market,fill,426.7900085449219,35.0,1,0.0,0.0,gtc,,0.0,1,,stock,,trade,,,,,,,,,,,,
2025-10-16 09:30:00-04:00,StockPulse Momentum+Catalyst,,bt_66,GOOGL,buy,market,new,,,1,,0.0,gtc,,0.0,1,,stock,,trade,,,,,,,,,,,,
2025-10-16 09:30:00-04:00,StockPulse Momentum+Catalyst,,bt_66,GOOGL,buy,market,fill,251.77000427246094,60.0,1,0.0,0.0,gtc,,0.0,1,,stock,,trade,,,,,,,,,,,,
2025-10-21 09:30:00-04:00,StockPulse Momentum+Catalyst,,bt_67,AAPL,buy,market,new,,,1,,0.0,gtc,,0.0,1,,stock,,trade,,,,,,,,,,,,
2025-10-21 09:30:00-04:00,StockPulse Momentum+Catalyst,,bt_68,META,buy,market,new,,,1,,0.0,gtc,,0.0,1,,stock,,trade,,,,,,,,,,,,
2025-10-21 09:30:00-04:00,StockPulse Momentum+Catalyst,,bt_69,MSFT,buy,market,new,,,1,,0.0,gtc,,0.0,1,,stock,,trade,,,,,,,,,,,,
2025-10-21 09:30:00-04:00,StockPulse Momentum+Catalyst,,bt_67,AAPL,buy,market,fill,261.8800048828125,58.0,1,0.0,0.0,gtc,,0.0,1,,stock,,trade,,,,,,,,,,,,
2025-10-21 09:30:00-04:00,StockPulse Momentum+Catalyst,,bt_68,META,buy,market,fill,736.02001953125,20.0,1,0.0,0.0,gtc,,0.0,1,,stock,,trade,,,,,,,,,,,,
2025-10-21 09:30:00-04:00,StockPulse Momentum+Catalyst,,bt_69,MSFT,buy,market,fill,517.5,28.0,1,0.0,0.0,gtc,,0.0,1,,stock,,trade,,,,,,,,,,,,
2025-10-27 09:30:00-04:00,StockPulse Momentum+Catalyst,,bt_70,AMZN,buy,market,new,,,1,,0.0,gtc,,0.0,1,,stock,,trade,,,,,,,,,,,,
2025-10-27 09:30:00-04:00,StockPulse Momentum+Catalyst,,bt_70,AMZN,buy,market,fill,227.66000366210938,68.0,1,0.0,0.0,gtc,,0.0,1,,stock,,trade,,,,,,,,,,,,
2025-10-31 09:30:00-04:00,StockPulse Momentum+Catalyst,,bc909f27bc5c46a2a392b48c19d3e355,AMD,sell,market,new,,,1,,0.0,day,,0.0,1,,stock,,trade,,,,,,,,,,,,
2025-10-31 09:30:00-04:00,StockPulse Momentum+Catalyst,,36e7323d9dd24276832f321ede89b3c3,NVDA,sell,market,new,,,1,,0.0,day,,0.0,1,,stock,,trade,,,,,,,,,,,,
2025-10-31 09:30:00-04:00,StockPulse Momentum+Catalyst,,9a62b62eb664469caba40a4459f0cf99,TSLA,sell,market,new,,,1,,0.0,day,,0.0,1,,stock,,trade,,,,,,,,,,,,
2025-10-31 09:30:00-04:00,StockPulse Momentum+Catalyst,,f9d14b1dbb0f45e89d2b16564d5e9232,GOOGL,sell,market,new,,,1,,0.0,day,,0.0,1,,stock,,trade,,,,,,,,,,,,
2025-10-31 09:30:00-04:00,StockPulse Momentum+Catalyst,,7a04d1742ea9470180e5f14b3c0a38f6,AAPL,sell,market,new,,,1,,0.0,day,,0.0,1,,stock,,trade,,,,,,,,,,,,
2025-10-31 09:30:00-04:00,StockPulse Momentum+Catalyst,,51600c3a4a1f4bdf9c749892cd2e35c6,META,sell,market,new,,,1,,0.0,day,,0.0,1,,stock,,trade,,,,,,,,,,,,
2025-10-31 09:30:00-04:00,StockPulse Momentum+Catalyst,,a3f64da5bb534fba916fe666ebb8d708,MSFT,sell,market,new,,,1,,0.0,day,,0.0,1,,stock,,trade,,,,,,,,,,,,
2025-10-31 09:30:00-04:00,StockPulse Momentum+Catalyst,,6cb3176adf74436e84580b2081ae15d9,AMZN,sell,market,new,,,1,,0.0,day,,0.0,1,,stock,,trade,,,,,,,,,,,,
2025-10-31 09:30:00-04:00,StockPulse Momentum+Catalyst,,bc909f27bc5c46a2a392b48c19d3e355,AMD,sell,market,fill,259.6000061035156,67.0,1,0.0,0.0,day,,0.0,1,,stock,,trade,,,,,,,,,,,,
2025-10-31 09:30:00-04:00,StockPulse Momentum+Catalyst,,36e7323d9dd24276832f321ede89b3c3,NVDA,sell,market,fill,206.4499969482422,79.0,1,0.0,0.0,day,,0.0,1,,stock,,trade,,,,,,,,,,,,
2025-10-31 09:30:00-04:00,StockPulse Momentum+Catalyst,,9a62b62eb664469caba40a4459f0cf99,TSLA,sell,market,fill,446.75,35.0,1,0.0,0.0,day,,0.0,1,,stock,,trade,,,,,,,,,,,,
2025-10-31 09:30:00-04:00,StockPulse Momentum+Catalyst,,f9d14b1dbb0f45e89d2b16564d5e9232,GOOGL,sell,market,fill,283.2099914550781,60.0,1,0.0,0.0,day,,0.0,1,,stock,,trade,,,,,,,,,,,,
2025-10-31 09:30:00-04:00,StockPulse Momentum+Catalyst,,7a04d1742ea9470180e5f14b3c0a38f6,AAPL,sell,market,fill,276.989990234375,58.0,1,0.0,0.0,day,,0.0,1,,stock,,trade,,,,,,,,,,,,
2025-10-31 09:30:00-04:00,StockPulse Momentum+Catalyst,,51600c3a4a1f4bdf9c749892cd2e35c6,META,sell,market,fill,674.510009765625,20.0,1,0.0,0.0,day,,0.0,1,,stock,,trade,,,,,,,,,,,,
2025-10-31 09:30:00-04:00,StockPulse Momentum+Catalyst,,a3f64da5bb534fba916fe666ebb8d708,MSFT,sell,market,fill,528.8800048828125,28.0,1,0.0,0.0,day,,0.0,1,,stock,,trade,,,,,,,,,,,,
2025-10-31 09:30:00-04:00,StockPulse Momentum+Catalyst,,6cb3176adf74436e84580b2081ae15d9,AMZN,sell,market,fill,250.10000610351562,68.0,1,0.0,0.0,day,,0.0,1,,stock,,trade,,,,,,,,,,,,
2025-11-03 09:30:00-05:00,StockPulse Momentum+Catalyst,,bt_71,AMZN,buy,market,new,,,1,,0.0,gtc,,0.0,1,,stock,,trade,,,,,,,,,,,,
2025-11-03 09:30:00-05:00,StockPulse Momentum+Catalyst,,bt_72,AMD,buy,market,new,,,1,,0.0,gtc,,0.0,1,,stock,,trade,,,,,,,,,,,,
2025-11-03 09:30:00-05:00,StockPulse Momentum+Catalyst,,bt_73,NVDA,buy,market,new,,,1,,0.0,gtc,,0.0,1,,stock,,trade,,,,,,,,,,,,
2025-11-03 09:30:00-05:00,StockPulse Momentum+Catalyst,,bt_74,GOOGL,buy,market,new,,,1,,0.0,gtc,,0.0,1,,stock,,trade,,,,,,,,,,,,
2025-11-03 09:30:00-05:00,StockPulse Momentum+Catalyst,,bt_75,AAPL,buy,market,new,,,1,,0.0,gtc,,0.0,1,,stock,,trade,,,,,,,,,,,,
2025-11-03 09:30:00-05:00,StockPulse Momentum+Catalyst,,bt_76,TSLA,buy,market,new,,,1,,0.0,gtc,,0.0,1,,stock,,trade,,,,,,,,,,,,
2025-11-03 09:30:00-05:00,StockPulse Momentum+Catalyst,,bt_71,AMZN,buy,market,fill,255.36000061035156,63.0,1,0.0,0.0,gtc,,0.0,1,,stock,,trade,,,,,,,,,,,,
2025-11-03 09:30:00-05:00,StockPulse Momentum+Catalyst,,bt_72,AMD,buy,market,fill,259.3299865722656,61.0,1,0.0,0.0,gtc,,0.0,1,,stock,,trade,,,,,,,,,,,,
2025-11-03 09:30:00-05:00,StockPulse Momentum+Catalyst,,bt_73,NVDA,buy,market,fill,208.0800018310547,77.0,1,0.0,0.0,gtc,,0.0,1,,stock,,trade,,,,,,,,,,,,
2025-11-03 09:30:00-05:00,StockPulse Momentum+Catalyst,,bt_74,GOOGL,buy,market,fill,282.17999267578125,56.0,1,0.0,0.0,gtc,,0.0,1,,stock,,trade,,,,,,,,,,,,
2025-11-03 09:30:00-05:00,StockPulse Momentum+Catalyst,,bt_75,AAPL,buy,market,fill,270.4200134277344,57.0,1,0.0,0.0,gtc,,0.0,1,,stock,,trade,,,,,,,,,,,,
2025-11-03 09:30:00-05:00,StockPulse Momentum+Catalyst,,bt_76,TSLA,buy,market,fill,455.989990234375,35.0,1,0.0,0.0,gtc,,0.0,1,,stock,,trade,,,,,,,,,,,,
2025-11-14 09:30:00-05:00,StockPulse Momentum+Catalyst,,3973e20d94f54e4eb327ba26bd3a1ce9,AMZN,sell,market,new,,,1,,0.0,day,,0.0,1,,stock,,trade,,,,,,,,,,,,
2025-11-14 09:30:00-05:00,StockPulse Momentum+Catalyst,,cc9408b9999946379c6ad2d05babbf2a,AMD,sell,market,new,,,1,,0.0,day,,0.0,1,,stock,,trade,,,,,,,,,,,,
2025-11-14 09:30:00-05:00,StockPulse Momentum+Catalyst,,fa042507f74745f4a435d2c0540e219d,NVDA,sell,market,new,,,1,,0.0,day,,0.0,1,,stock,,trade,,,,,,,,,,,,
2025-11-14 09:30:00-05:00,StockPulse Momentum+Catalyst,,87dc3ba4a9ec42c4ac40d7fb4ba04387,GOOGL,sell,market,new,,,1,,0.0,day,,0.0,1,,stock,,trade,,,,,,,,,,,,
2025-11-14 09:30:00-05:00,StockPulse Momentum+Catalyst,,15b456cb4ee84a8681716af53f464f43,AAPL,sell,market,new,,,1,,0.0,day,,0.0,1,,stock,,trade,,,,,,,,,,,,
2025-11-14 09:30:00-05:00,StockPulse Momentum+Catalyst,,eb18be48ab644c6e886379551eacd2bf,TSLA,sell,market,new,,,1,,0.0,day,,0.0,1,,stock,,trade,,,,,,,,,,,,
2025-11-14 09:30:00-05:00,StockPulse Momentum+Catalyst,,3973e20d94f54e4eb327ba26bd3a1ce9,AMZN,sell,market,fill,235.05999755859375,63.0,1,0.0,0.0,day,,0.0,1,,stock,,trade,,,,,,,,,,,,
2025-11-14 09:30:00-05:00,StockPulse Momentum+Catalyst,,cc9408b9999946379c6ad2d05babbf2a,AMD,sell,market,fill,240.11000061035156,61.0,1,0.0,0.0,day,,0.0,1,,stock,,trade,,,,,,,,,,,,
2025-11-14 09:30:00-05:00,StockPulse Momentum+Catalyst,,fa042507f74745f4a435d2c0540e219d,NVDA,sell,market,fill,182.86000061035156,77.0,1,0.0,0.0,day,,0.0,1,,stock,,trade,,,,,,,,,,,,
2025-11-14 09:30:00-05:00,StockPulse Momentum+Catalyst,,87dc3ba4a9ec42c4ac40d7fb4ba04387,GOOGL,sell,market,fill,271.4100036621094,56.0,1,0.0,0.0,day,,0.0,1,,stock,,trade,,,,,,,,,,,,
2025-11-14 09:30:00-05:00,StockPulse Momentum+Catalyst,,15b456cb4ee84a8681716af53f464f43,AAPL,sell,market,fill,271.04998779296875,57.0,1,0.0,0.0,day,,0.0,1,,stock,,trade,,,,,,,,,,,,
2025-11-14 09:30:00-05:00,StockPulse Momentum+Catalyst,,eb18be48ab644c6e886379551eacd2bf,TSLA,sell,market,fill,386.29998779296875,35.0,1,0.0,0.0,day,,0.0,1,,stock,,trade,,,,,,,,,,,,
2025-11-17 09:30:00-05:00,StockPulse Momentum+Catalyst,,bt_77,AAPL,buy,market,new,,,1,,0.0,gtc,,0.0,1,,stock,,trade,,,,,,,,,,,,
2025-11-17 09:30:00-05:00,StockPulse Momentum+Catalyst,,bt_78,GOOGL,buy,market,new,,,1,,0.0,gtc,,0.0,1,,stock,,trade,,,,,,,,,,,,
2025-11-17 09:30:00-05:00,StockPulse Momentum+Catalyst,,bt_79,AMD,buy,market,new,,,1,,0.0,gtc,,0.0,1,,stock,,trade,,,,,,,,,,,,
2025-11-17 09:30:00-05:00,StockPulse Momentum+Catalyst,,bt_77,AAPL,buy,market,fill,268.82000732421875,55.0,1,0.0,0.0,gtc,,0.0,1,,stock,,trade,,,,,,,,,,,,
2025-11-17 09:30:00-05:00,StockPulse Momentum+Catalyst,,bt_78,GOOGL,buy,market,fill,285.7799987792969,55.0,1,0.0,0.0,gtc,,0.0,1,,stock,,trade,,,,,,,,,,,,
2025-11-17 09:30:00-05:00,StockPulse Momentum+Catalyst,,bt_79,AMD,buy,market,fill,242.75,62.0,1,0.0,0.0,gtc,,0.0,1,,stock,,trade,,,,,,,,,,,,
2025-11-21 09:30:00-05:00,StockPulse Momentum+Catalyst,,f5322e779d214aa69b5f05652dcaec84,AAPL,sell,market,new,,,1,,0.0,day,,0.0,1,,stock,,trade,,,,,,,,,,,,
2025-11-21 09:30:00-05:00,StockPulse Momentum+Catalyst,,e381c31f73254c9891ff111c7a16808d,GOOGL,sell,market,new,,,1,,0.0,day,,0.0,1,,stock,,trade,,,,,,,,,,,,
2025-11-21 09:30:00-05:00,StockPulse Momentum+Catalyst,,fd8c404ee0ae44ce8249dc93140ee0cf,AMD,sell,market,new,,,1,,0.0,day,,0.0,1,,stock,,trade,,,,,,,,,,,,
2025-11-21 09:30:00-05:00,StockPulse Momentum+Catalyst,,f5322e779d214aa69b5f05652dcaec84,AAPL,sell,market,fill,265.95001220703125,55.0,1,0.0,0.0,day,,0.0,1,,stock,,trade,,,,,,,,,,,,
2025-11-21 09:30:00-05:00,StockPulse Momentum+Catalyst,,e381c31f73254c9891ff111c7a16808d,GOOGL,sell,market,fill,296.4200134277344,55.0,1,0.0,0.0,day,,0.0,1,,stock,,trade,,,,,,,,,,,,
2025-11-21 09:30:00-05:00,StockPulse Momentum+Catalyst,,fd8c404ee0ae44ce8249dc93140ee0cf,AMD,sell,market,fill,208.80999755859375,62.0,1,0.0,0.0,day,,0.0,1,,stock,,trade,,,,,,,,,,,,
2025-11-24 09:30:00-05:00,StockPulse Momentum+Catalyst,,bt_80,GOOGL,buy,market,new,,,1,,0.0,gtc,,0.0,1,,stock,,trade,,,,,,,,,,,,
2025-11-24 09:30:00-05:00,StockPulse Momentum+Catalyst,,bt_81,AAPL,buy,market,new,,,1,,0.0,gtc,,0.0,1,,stock,,trade,,,,,,,,,,,,
2025-11-24 09:30:00-05:00,StockPulse Momentum+Catalyst,,bt_80,GOOGL,buy,market,fill,311.1300048828125,49.0,1,0.0,0.0,gtc,,0.0,1,,stock,,trade,,,,,,,,,,,,
2025-11-24 09:30:00-05:00,StockPulse Momentum+Catalyst,,bt_81,AAPL,buy,market,fill,270.8999938964844,55.0,1,0.0,0.0,gtc,,0.0,1,,stock,,trade,,,,,,,,,,,,
2025-12-01 09:30:00-05:00,StockPulse Momentum+Catalyst,,bt_82,TSLA,buy,market,new,,,1,,0.0,gtc,,0.0,1,,stock,,trade,,,,,,,,,,,,
2025-12-01 09:30:00-05:00,StockPulse Momentum+Catalyst,,bt_82,TSLA,buy,market,fill,425.32000732421875,34.0,1,0.0,0.0,gtc,,0.0,1,,stock,,trade,,,,,,,,,,,,
2025-12-02 09:30:00-05:00,StockPulse Momentum+Catalyst,,bt_83,AMZN,buy,market,new,,,1,,0.0,gtc,,0.0,1,,stock,,trade,,,,,,,,,,,,
2025-12-02 09:30:00-05:00,StockPulse Momentum+Catalyst,,bt_83,AMZN,buy,market,fill,235.00999450683594,63.0,1,0.0,0.0,gtc,,0.0,1,,stock,,trade,,,,,,,,,,,,
2025-12-03 09:30:00-05:00,StockPulse Momentum+Catalyst,,bt_84,META,buy,market,new,,,1,,0.0,gtc,,0.0,1,,stock,,trade,,,,,,,,,,,,
2025-12-03 09:30:00-05:00,StockPulse Momentum+Catalyst,,bt_84,META,buy,market,fill,644.4099731445312,22.0,1,0.0,0.0,gtc,,0.0,1,,stock,,trade,,,,,,,,,,,,
2025-12-09 09:30:00-05:00,StockPulse Momentum+Catalyst,,bt_85,NVDA,buy,market,new,,,1,,0.0,gtc,,0.0,1,,stock,,trade,,,,,,,,,,,,
2025-12-09 09:30:00-05:00,StockPulse Momentum+Catalyst,,bt_85,NVDA,buy,market,fill,185.55999755859375,81.0,1,0.0,0.0,gtc,,0.0,1,,stock,,trade,,,,,,,,,,,,
2025-12-15 09:30:00-05:00,StockPulse Momentum+Catalyst,,73a2d0d0e6cc4b16bb8f1ea55c1628c9,GOOGL,sell,market,new,,,1,,0.0,day,,0.0,1,,stock,,trade,,,,,,,,,,,,
2025-12-15 09:30:00-05:00,StockPulse Momentum+Catalyst,,e07c6ec2961344c4ad78bf58c1c67516,AAPL,sell,market,new,,,1,,0.0,day,,0.0,1,,stock,,trade,,,,,,,,,,,,
2025-12-15 09:30:00-05:00,StockPulse Momentum+Catalyst,,5de6caf5e9c842448a919a7ab7c2e7be,TSLA,sell,market,new,,,1,,0.0,day,,0.0,1,,stock,,trade,,,,,,,,,,,,
2025-12-15 09:30:00-05:00,StockPulse Momentum+Catalyst,,77a7869c9e854672b5ac2f39249aabaa,AMZN,sell,market,new,,,1,,0.0,day,,0.0,1,,stock,,trade,,,,,,,,,,,,
2025-12-15 09:30:00-05:00,StockPulse Momentum+Catalyst,,6670900faada4cd79b84bc0733e87917,META,sell,market,new,,,1,,0.0,day,,0.0,1,,stock,,trade,,,,,,,,,,,,
2025-12-15 09:30:00-05:00,StockPulse Momentum+Catalyst,,92ee51ca3d7e49f68f37dea281a332ad,NVDA,sell,market,new,,,1,,0.0,day,,0.0,1,,stock,,trade,,,,,,,,,,,,
2025-12-15 09:30:00-05:00,StockPulse Momentum+Catalyst,,73a2d0d0e6cc4b16bb8f1ea55c1628c9,GOOGL,sell,market,canceled,,,1,,0.0,day,,0.0,1,,stock,,trade,,,,,,,,,,,,
2025-12-15 09:30:00-05:00,StockPulse Momentum+Catalyst,,5de6caf5e9c842448a919a7ab7c2e7be,TSLA,sell,market,canceled,,,1,,0.0,day,,0.0,1,,stock,,trade,,,,,,,,,,,,
2025-12-15 09:30:00-05:00,StockPulse Momentum+Catalyst,,e07c6ec2961344c4ad78bf58c1c67516,AAPL,sell,market,canceled,,,1,,0.0,day,,0.0,1,,stock,,trade,,,,,,,,,,,,
2025-12-15 09:30:00-05:00,StockPulse Momentum+Catalyst,,77a7869c9e854672b5ac2f39249aabaa,AMZN,sell,market,canceled,,,1,,0.0,day,,0.0,1,,stock,,trade,,,,,,,,,,,,
2025-12-15 09:30:00-05:00,StockPulse Momentum+Catalyst,,92ee51ca3d7e49f68f37dea281a332ad,NVDA,sell,market,canceled,,,1,,0.0,day,,0.0,1,,stock,,trade,,,,,,,,,,,,
2025-12-15 09:30:00-05:00,StockPulse Momentum+Catalyst,,6670900faada4cd79b84bc0733e87917,META,sell,market,canceled,,,1,,0.0,day,,0.0,1,,stock,,trade,,,,,,,,,,,,
2025-12-15 09:30:00-05:00,StockPulse Momentum+Catalyst,,29298eba638d48bfb61350d2e5ea5b50,GOOGL,sell,market,new,,,1,,0.0,day,,0.0,1,,stock,,trade,,,,,,,,,,,,
2025-12-15 09:30:00-05:00,StockPulse Momentum+Catalyst,,66e2f3d87d98426d8ee14b6048c12e6a,AAPL,sell,market,new,,,1,,0.0,day,,0.0,1,,stock,,trade,,,,,,,,,,,,
2025-12-15 09:30:00-05:00,StockPulse Momentum+Catalyst,,78839279414a417bbcf4d218413e558d,TSLA,sell,market,new,,,1,,0.0,day,,0.0,1,,stock,,trade,,,,,,,,,,,,
2025-12-15 09:30:00-05:00,StockPulse Momentum+Catalyst,,36ee576497aa46e0823c5d72bc020f79,AMZN,sell,market,new,,,1,,0.0,day,,0.0,1,,stock,,trade,,,,,,,,,,,,
2025-12-15 09:30:00-05:00,StockPulse Momentum+Catalyst,,a0fb67af8068419198e91ebe677abd34,META,sell,market,new,,,1,,0.0,day,,0.0,1,,stock,,trade,,,,,,,,,,,,
2025-12-15 09:30:00-05:00,StockPulse Momentum+Catalyst,,5854d5b22c834fa4a54f5ab189732ac8,NVDA,sell,market,new,,,1,,0.0,day,,0.0,1,,stock,,trade,,,,,,,,,,,,
2025-12-15 09:30:00-05:00,StockPulse Momentum+Catalyst,,29298eba638d48bfb61350d2e5ea5b50,GOOGL,sell,market,fill,311.32000732421875,49.0,1,0.0,0.0,day,,0.0,1,,stock,,trade,,,,,,,,,,,,
2025-12-15 09:30:00-05:00,StockPulse Momentum+Catalyst,,66e2f3d87d98426d8ee14b6048c12e6a,AAPL,sell,market,fill,280.1499938964844,55.0,1,0.0,0.0,day,,0.0,1,,stock,,trade,,,,,,,,,,,,
2025-12-15 09:30:00-05:00,StockPulse Momentum+Catalyst,,78839279414a417bbcf4d218413e558d,TSLA,sell,market,fill,469.44000244140625,34.0,1,0.0,0.0,day,,0.0,1,,stock,,trade,,,,,,,,,,,,
2025-12-15 09:30:00-05:00,StockPulse Momentum+Catalyst,,36ee576497aa46e0823c5d72bc020f79,AMZN,sell,market,fill,227.92999267578125,63.0,1,0.0,0.0,day,,0.0,1,,stock,,trade,,,,,,,,,,,,
2025-12-15 09:30:00-05:00,StockPulse Momentum+Catalyst,,a0fb67af8068419198e91ebe677abd34,META,sell,market,fill,645.7000122070312,22.0,1,0.0,0.0,day,,0.0,1,,stock,,trade,,,,,,,,,,,,
2025-12-15 09:30:00-05:00,StockPulse Momentum+Catalyst,,5854d5b22c834fa4a54f5ab189732ac8,NVDA,sell,market,fill,177.94000244140625,81.0,1,0.0,0.0,day,,0.0,1,,stock,,trade,,,,,,,,,,,,
2025-12-16 09:30:00-05:00,StockPulse Momentum+Catalyst,,bt_86,TSLA,buy,market,new,,,1,,0.0,gtc,,0.0,1,,stock,,trade,,,,,,,,,,,,
2025-12-16 09:30:00-05:00,StockPulse Momentum+Catalyst,,bt_87,GOOGL,buy,market,new,,,1,,0.0,gtc,,0.0,1,,stock,,trade,,,,,,,,,,,,
2025-12-16 09:30:00-05:00,StockPulse Momentum+Catalyst,,bt_86,TSLA,buy,market,fill,472.2099914550781,31.0,1,0.0,0.0,gtc,,0.0,1,,stock,,trade,,,,,,,,,,,,
2025-12-16 09:30:00-05:00,StockPulse Momentum+Catalyst,,bt_87,GOOGL,buy,market,fill,304.95001220703125,47.0,1,0.0,0.0,gtc,,0.0,1,,stock,,trade,,,,,,,,,,,,
2025-12-19 09:30:00-05:00,StockPulse Momentum+Catalyst,,bt_88,META,buy,market,new,,,1,,0.0,gtc,,0.0,1,,stock,,trade,,,,,,,,,,,,
2025-12-19 09:30:00-05:00,StockPulse Momentum+Catalyst,,bt_88,META,buy,market,fill,666.4199829101562,22.0,1,0.0,0.0,gtc,,0.0,1,,stock,,trade,,,,,,,,,,,,
2025-12-22 09:30:00-05:00,StockPulse Momentum+Catalyst,,28dc95b00c644db582ce874d7e484e88,TSLA,sell,market,new,,,1,,0.0,day,,0.0,1,,stock,,trade,,,,,,,,,,,,
2025-12-22 09:30:00-05:00,StockPulse Momentum+Catalyst,,583acd3b7df848b3880b62966354ac90,GOOGL,sell,market,new,,,1,,0.0,day,,0.0,1,,stock,,trade,,,,,,,,,,,,
2025-12-22 09:30:00-05:00,StockPulse Momentum+Catalyst,,9310e9dc120947c2b994e4ce2190f441,META,sell,market,new,,,1,,0.0,day,,0.0,1,,stock,,trade,,,,,,,,,,,,
2025-12-22 09:30:00-05:00,StockPulse Momentum+Catalyst,,bt_89,MSFT,buy,market,new,,,1,,0.0,gtc,,0.0,1,,stock,,trade,,,,,,,,,,,,
2025-12-22 09:30:00-05:00,StockPulse Momentum+Catalyst,,bt_90,NVDA,buy,market,new,,,1,,0.0,gtc,,0.0,1,,stock,,trade,,,,,,,,,,,,
2025-12-22 09:30:00-05:00,StockPulse Momentum+Catalyst,,28dc95b00c644db582ce874d7e484e88,TSLA,sell,market,fill,489.8800048828125,31.0,1,0.0,0.0,day,,0.0,1,,stock,,trade,,,,,,,,,,,,
2025-12-22 09:30:00-05:00,StockPulse Momentum+Catalyst,,583acd3b7df848b3880b62966354ac90,GOOGL,sell,market,fill,309.8800048828125,47.0,1,0.0,0.0,day,,0.0,1,,stock,,trade,,,,,,,,,,,,
2025-12-22 09:30:00-05:00,StockPulse Momentum+Catalyst,,9310e9dc120947c2b994e4ce2190f441,META,sell,market,fill,661.6500244140625,22.0,1,0.0,0.0,day,,0.0,1,,stock,,trade,,,,,,,,,,,,
2025-12-22 09:30:00-05:00,StockPulse Momentum+Catalyst,,bt_89,MSFT,buy,market,fill,486.1199951171875,31.0,1,0.0,0.0,gtc,,0.0,1,,stock,,trade,,,,,,,,,,,,
2025-12-22 09:30:00-05:00,StockPulse Momentum+Catalyst,,bt_90,NVDA,buy,market,fill,183.9199981689453,85.0,1,0.0,0.0,gtc,,0.0,1,,stock,,trade,,,,,,,,,,,,
2025-12-23 09:30:00-05:00,StockPulse Momentum+Catalyst,,bt_91,TSLA,buy,market,new,,,1,,0.0,gtc,,0.0,1,,stock,,trade,,,,,,,,,,,,
2025-12-23 09:30:00-05:00,StockPulse Momentum+Catalyst,,bt_91,TSLA,buy,market,fill,489.3999938964844,30.0,1,0.0,0.0,gtc,,0.0,1,,stock,,trade,,,,,,,,,,,,
2025-12-24 09:30:00-05:00,StockPulse Momentum+Catalyst,,bt_92,AMZN,buy,market,new,,,1,,0.0,gtc,,0.0,1,,stock,,trade,,,,,,,,,,,,
2025-12-24 09:30:00-05:00,StockPulse Momentum+Catalyst,,bt_93,GOOGL,buy,market,new,,,1,,0.0,gtc,,0.0,1,,stock,,trade,,,,,,,,,,,,
2025-12-24 09:30:00-05:00,StockPulse Momentum+Catalyst,,bt_92,AMZN,buy,market,fill,232.1300048828125,65.0,1,0.0,0.0,gtc,,0.0,1,,stock,,trade,,,,,,,,,,,,
2025-12-24 09:30:00-05:00,StockPulse Momentum+Catalyst,,bt_93,GOOGL,buy,market,fill,314.7699890136719,48.0,1,0.0,0.0,gtc,,0.0,1,,stock,,trade,,,,,,,,,,,,
