time,side,status,filled_quantity,symbol,asset.asset_type,asset.right,asset.strike,asset.expiration,price,type,asset.multiplier,trade_cost,trade_slippage,event_kind,event_id,cash_event_type,cash_event_amount,cash_event_currency,cash_event_description,cash_event_direction,cash_event_reason,is_external_cash_flow,cash_event_raw_type,cash_event_raw_subtype,cash_event_broker_name,cash_event_broker_event_id
2025-07-01 09:30:00-04:00,buy,new,,AMD,stock,,0.0,,,market,1,,0.0,trade,,,,,,,,,,,,
2025-07-01 09:30:00-04:00,buy,new,,NVDA,stock,,0.0,,,market,1,,0.0,trade,,,,,,,,,,,,
2025-07-01 09:30:00-04:00,buy,new,,META,stock,,0.0,,,market,1,,0.0,trade,,,,,,,,,,,,
2025-07-01 09:30:00-04:00,buy,new,,MSFT,stock,,0.0,,,market,1,,0.0,trade,,,,,,,,,,,,
2025-07-01 09:30:00-04:00,buy,new,,AMZN,stock,,0.0,,,market,1,,0.0,trade,,,,,,,,,,,,
2025-07-01 09:30:00-04:00,buy,new,,AAPL,stock,,0.0,,,market,1,,0.0,trade,,,,,,,,,,,,
2025-07-01 09:30:00-04:00,buy,fill,86.0,AMD,stock,,0.0,,138.77000427246094,market,1,0.0,0.0,trade,,,,,,,,,,,,
2025-07-01 09:30:00-04:00,buy,fill,78.0,NVDA,stock,,0.0,,156.2899932861328,market,1,0.0,0.0,trade,,,,,,,,,,,,
2025-07-01 09:30:00-04:00,buy,fill,16.0,META,stock,,0.0,,736.8800048828125,market,1,0.0,0.0,trade,,,,,,,,,,,,
2025-07-01 09:30:00-04:00,buy,fill,25.0,MSFT,stock,,0.0,,496.4700012207031,market,1,0.0,0.0,trade,,,,,,,,,,,,
2025-07-01 09:30:00-04:00,buy,fill,55.0,AMZN,stock,,0.0,,219.5,market,1,0.0,0.0,trade,,,,,,,,,,,,
2025-07-01 09:30:00-04:00,buy,fill,61.0,AAPL,stock,,0.0,,206.6699981689453,market,1,0.0,0.0,trade,,,,,,,,,,,,
2025-07-02 09:30:00-04:00,buy,new,,GOOGL,stock,,0.0,,,market,1,,0.0,trade,,,,,,,,,,,,
2025-07-02 09:30:00-04:00,buy,fill,76.0,GOOGL,stock,,0.0,,175.5399932861328,market,1,0.0,0.0,trade,,,,,,,,,,,,
2025-07-17 09:30:00-04:00,buy,new,,TSLA,stock,,0.0,,,market,1,,0.0,trade,,,,,,,,,,,,
2025-07-17 09:30:00-04:00,buy,fill,43.0,TSLA,stock,,0.0,,323.1499938964844,market,1,0.0,0.0,trade,,,,,,,,,,,,
2025-07-25 09:30:00-04:00,sell,new,,AMD,stock,,0.0,,,market,1,,0.0,trade,,,,,,,,,,,,
2025-07-25 09:30:00-04:00,sell,new,,NVDA,stock,,0.0,,,market,1,,0.0,trade,,,,,,,,,,,,
2025-07-25 09:30:00-04:00,sell,new,,META,stock,,0.0,,,market,1,,0.0,trade,,,,,,,,,,,,
2025-07-25 09:30:00-04:00,sell,new,,MSFT,stock,,0.0,,,market,1,,0.0,trade,,,,,,,,,,,,
2025-07-25 09:30:00-04:00,sell,new,,AMZN,stock,,0.0,,,market,1,,0.0,trade,,,,,,,,,,,,
2025-07-25 09:30:00-04:00,sell,new,,AAPL,stock,,0.0,,,market,1,,0.0,trade,,,,,,,,,,,,
2025-07-25 09:30:00-04:00,sell,new,,GOOGL,stock,,0.0,,,market,1,,0.0,trade,,,,,,,,,,,,
2025-07-25 09:30:00-04:00,sell,new,,TSLA,stock,,0.0,,,market,1,,0.0,trade,,,,,,,,,,,,
2025-07-25 09:30:00-04:00,sell,fill,86.0,AMD,stock,,0.0,,163.50999450683594,market,1,0.0,0.0,trade,,,,,,,,,,,,
2025-07-25 09:30:00-04:00,sell,fill,78.0,NVDA,stock,,0.0,,173.61000061035156,market,1,0.0,0.0,trade,,,,,,,,,,,,
2025-07-25 09:30:00-04:00,sell,fill,16.0,META,stock,,0.0,,716.9199829101562,market,1,0.0,0.0,trade,,,,,,,,,,,,
2025-07-25 09:30:00-04:00,sell,fill,25.0,MSFT,stock,,0.0,,512.469970703125,market,1,0.0,0.0,trade,,,,,,,,,,,,
2025-07-25 09:30:00-04:00,sell,fill,55.0,AMZN,stock,,0.0,,232.22000122070312,market,1,0.0,0.0,trade,,,,,,,,,,,,
2025-07-25 09:30:00-04:00,sell,fill,61.0,AAPL,stock,,0.0,,214.6999969482422,market,1,0.0,0.0,trade,,,,,,,,,,,,
2025-07-25 09:30:00-04:00,sell,fill,76.0,GOOGL,stock,,0.0,,191.97999572753906,market,1,0.0,0.0,trade,,,,,,,,,,,,
2025-07-25 09:30:00-04:00,sell,fill,43.0,TSLA,stock,,0.0,,308.739990234375,market,1,0.0,0.0,trade,,,,,,,,,,,,
2025-07-28 09:30:00-04:00,buy,new,,AMD,stock,,0.0,,,market,1,,0.0,trade,,,,,,,,,,,,
2025-07-28 09:30:00-04:00,buy,new,,GOOGL,stock,,0.0,,,market,1,,0.0,trade,,,,,,,,,,,,
2025-07-28 09:30:00-04:00,buy,new,,MSFT,stock,,0.0,,,market,1,,0.0,trade,,,,,,,,,,,,
2025-07-28 09:30:00-04:00,buy,new,,NVDA,stock,,0.0,,,market,1,,0.0,trade,,,,,,,,,,,,
2025-07-28 09:30:00-04:00,buy,new,,AMZN,stock,,0.0,,,market,1,,0.0,trade,,,,,,,,,,,,
2025-07-28 09:30:00-04:00,buy,fill,80.0,AMD,stock,,0.0,,169.0800018310547,market,1,0.0,0.0,trade,,,,,,,,,,,,
2025-07-28 09:30:00-04:00,buy,fill,68.0,GOOGL,stock,,0.0,,193.64999389648438,market,1,0.0,0.0,trade,,,,,,,,,,,,
2025-07-28 09:30:00-04:00,buy,fill,25.0,MSFT,stock,,0.0,,514.0800170898438,market,1,0.0,0.0,trade,,,,,,,,,,,,
2025-07-28 09:30:00-04:00,buy,fill,75.0,NVDA,stock,,0.0,,174.02000427246094,market,1,0.0,0.0,trade,,,,,,,,,,,,
2025-07-28 09:30:00-04:00,buy,fill,56.0,AMZN,stock,,0.0,,233.35000610351562,market,1,0.0,0.0,trade,,,,,,,,,,,,
2025-07-29 09:30:00-04:00,buy,new,,TSLA,stock,,0.0,,,market,1,,0.0,trade,,,,,,,,,,,,
2025-07-29 09:30:00-04:00,buy,fill,41.0,TSLA,stock,,0.0,,325.54998779296875,market,1,0.0,0.0,trade,,,,,,,,,,,,
2025-07-31 09:30:00-04:00,sell,new,,AMD,stock,,0.0,,,market,1,,0.0,trade,,,,,,,,,,,,
2025-07-31 09:30:00-04:00,sell,new,,GOOGL,stock,,0.0,,,market,1,,0.0,trade,,,,,,,,,,,,
2025-07-31 09:30:00-04:00,sell,new,,MSFT,stock,,0.0,,,market,1,,0.0,trade,,,,,,,,,,,,
2025-07-31 09:30:00-04:00,sell,new,,NVDA,stock,,0.0,,,market,1,,0.0,trade,,,,,,,,,,,,
2025-07-31 09:30:00-04:00,sell,new,,AMZN,stock,,0.0,,,market,1,,0.0,trade,,,,,,,,,,,,
2025-07-31 09:30:00-04:00,sell,new,,TSLA,stock,,0.0,,,market,1,,0.0,trade,,,,,,,,,,,,
2025-07-31 09:30:00-04:00,sell,fill,80.0,AMD,stock,,0.0,,182.02000427246094,market,1,0.0,0.0,trade,,,,,,,,,,,,
2025-07-31 09:30:00-04:00,sell,fill,68.0,GOOGL,stock,,0.0,,195.7100067138672,market,1,0.0,0.0,trade,,,,,,,,,,,,
2025-07-31 09:30:00-04:00,sell,fill,25.0,MSFT,stock,,0.0,,555.22998046875,market,1,0.0,0.0,trade,,,,,,,,,,,,
2025-07-31 09:30:00-04:00,sell,fill,75.0,NVDA,stock,,0.0,,182.89999389648438,market,1,0.0,0.0,trade,,,,,,,,,,,,
2025-07-31 09:30:00-04:00,sell,fill,56.0,AMZN,stock,,0.0,,235.77000427246094,market,1,0.0,0.0,trade,,,,,,,,,,,,
2025-07-31 09:30:00-04:00,sell,fill,41.0,TSLA,stock,,0.0,,319.6099853515625,market,1,0.0,0.0,trade,,,,,,,,,,,,
2025-08-01 09:30:00-04:00,buy,new,,MSFT,stock,,0.0,,,market,1,,0.0,trade,,,,,,,,,,,,
2025-08-01 09:30:00-04:00,buy,new,,AMZN,stock,,0.0,,,market,1,,0.0,trade,,,,,,,,,,,,
2025-08-01 09:30:00-04:00,buy,new,,META,stock,,0.0,,,market,1,,0.0,trade,,,,,,,,,,,,
2025-08-01 09:30:00-04:00,buy,new,,AMD,stock,,0.0,,,market,1,,0.0,trade,,,,,,,,,,,,
2025-08-01 09:30:00-04:00,buy,new,,GOOGL,stock,,0.0,,,market,1,,0.0,trade,,,,,,,,,,,,
2025-08-01 09:30:00-04:00,buy,new,,NVDA,stock,,0.0,,,market,1,,0.0,trade,,,,,,,,,,,,
2025-08-01 09:30:00-04:00,buy,fill,24.0,MSFT,stock,,0.0,,535.0,market,1,0.0,0.0,trade,,,,,,,,,,,,
2025-08-01 09:30:00-04:00,buy,fill,57.0,AMZN,stock,,0.0,,217.2100067138672,market,1,0.0,0.0,trade,,,,,,,,,,,,
2025-08-01 09:30:00-04:00,buy,fill,17.0,META,stock,,0.0,,760.72998046875,market,1,0.0,0.0,trade,,,,,,,,,,,,
2025-08-01 09:30:00-04:00,buy,fill,74.0,AMD,stock,,0.0,,170.16000366210938,market,1,0.0,0.0,trade,,,,,,,,,,,,
2025-08-01 09:30:00-04:00,buy,fill,69.0,GOOGL,stock,,0.0,,189.02999877929688,market,1,0.0,0.0,trade,,,,,,,,,,,,
2025-08-01 09:30:00-04:00,buy,fill,73.0,NVDA,stock,,0.0,,174.08999633789062,market,1,0.0,0.0,trade,,,,,,,,,,,,
2025-08-04 09:30:00-04:00,sell,new,,MSFT,stock,,0.0,,,market,1,,0.0,trade,,,,,,,,,,,,
2025-08-04 09:30:00-04:00,sell,new,,AMZN,stock,,0.0,,,market,1,,0.0,trade,,,,,,,,,,,,
2025-08-04 09:30:00-04:00,sell,new,,META,stock,,0.0,,,market,1,,0.0,trade,,,,,,,,,,,,
2025-08-04 09:30:00-04:00,sell,new,,AMD,stock,,0.0,,,market,1,,0.0,trade,,,,,,,,,,,,
2025-08-04 09:30:00-04:00,sell,new,,GOOGL,stock,,0.0,,,market,1,,0.0,trade,,,,,,,,,,,,
2025-08-04 09:30:00-04:00,sell,new,,NVDA,stock,,0.0,,,market,1,,0.0,trade,,,,,,,,,,,,
2025-08-04 09:30:00-04:00,sell,fill,24.0,MSFT,stock,,0.0,,528.27001953125,market,1,0.0,0.0,trade,,,,,,,,,,,,
2025-08-04 09:30:00-04:00,sell,fill,57.0,AMZN,stock,,0.0,,217.39999389648438,market,1,0.0,0.0,trade,,,,,,,,,,,,
2025-08-04 09:30:00-04:00,sell,fill,17.0,META,stock,,0.0,,760.0,market,1,0.0,0.0,trade,,,,,,,,,,,,
2025-08-04 09:30:00-04:00,sell,fill,74.0,AMD,stock,,0.0,,174.61000061035156,market,1,0.0,0.0,trade,,,,,,,,,,,,
2025-08-04 09:30:00-04:00,sell,fill,69.0,GOOGL,stock,,0.0,,190.2899932861328,market,1,0.0,0.0,trade,,,,,,,,,,,,
2025-08-04 09:30:00-04:00,sell,fill,73.0,NVDA,stock,,0.0,,175.16000366210938,market,1,0.0,0.0,trade,,,,,,,,,,,,
2025-08-05 09:30:00-04:00,buy,new,,MSFT,stock,,0.0,,,market,1,,0.0,trade,,,,,,,,,,,,
2025-08-05 09:30:00-04:00,buy,new,,META,stock,,0.0,,,market,1,,0.0,trade,,,,,,,,,,,,
2025-08-05 09:30:00-04:00,buy,new,,AMD,stock,,0.0,,,market,1,,0.0,trade,,,,,,,,,,,,
2025-08-05 09:30:00-04:00,buy,new,,GOOGL,stock,,0.0,,,market,1,,0.0,trade,,,,,,,,,,,,
2025-08-05 09:30:00-04:00,buy,new,,NVDA,stock,,0.0,,,market,1,,0.0,trade,,,,,,,,,,,,
2025-08-05 09:30:00-04:00,buy,fill,25.0,MSFT,stock,,0.0,,537.1799926757812,market,1,0.0,0.0,trade,,,,,,,,,,,,
2025-08-05 09:30:00-04:00,buy,fill,17.0,META,stock,,0.0,,776.4500122070312,market,1,0.0,0.0,trade,,,,,,,,,,,,
2025-08-05 09:30:00-04:00,buy,fill,77.0,AMD,stock,,0.0,,177.57000732421875,market,1,0.0,0.0,trade,,,,,,,,,,,,
2025-08-05 09:30:00-04:00,buy,fill,71.0,GOOGL,stock,,0.0,,194.7100067138672,market,1,0.0,0.0,trade,,,,,,,,,,,,
2025-08-05 09:30:00-04:00,buy,fill,77.0,NVDA,stock,,0.0,,179.6199951171875,market,1,0.0,0.0,trade,,,,,,,,,,,,
2025-08-07 09:30:00-04:00,buy,new,,AAPL,stock,,0.0,,,market,1,,0.0,trade,,,,,,,,,,,,
2025-08-07 09:30:00-04:00,buy,fill,65.0,AAPL,stock,,0.0,,218.8800048828125,market,1,0.0,0.0,trade,,,,,,,,,,,,
2025-08-11 09:30:00-04:00,buy,new,,TSLA,stock,,0.0,,,market,1,,0.0,trade,,,,,,,,,,,,
2025-08-11 09:30:00-04:00,buy,fill,40.0,TSLA,stock,,0.0,,335.0,market,1,0.0,0.0,trade,,,,,,,,,,,,
2025-08-15 09:30:00-04:00,buy,new,,AMZN,stock,,0.0,,,market,1,,0.0,trade,,,,,,,,,,,,
2025-08-15 09:30:00-04:00,buy,fill,56.0,AMZN,stock,,0.0,,232.5800018310547,market,1,0.0,0.0,trade,,,,,,,,,,,,
2025-08-19 09:30:00-04:00,sell,new,,MSFT,stock,,0.0,,,market,1,,0.0,trade,,,,,,,,,,,,
2025-08-19 09:30:00-04:00,sell,new,,META,stock,,0.0,,,market,1,,0.0,trade,,,,,,,,,,,,
2025-08-19 09:30:00-04:00,sell,new,,AMD,stock,,0.0,,,market,1,,0.0,trade,,,,,,,,,,,,
2025-08-19 09:30:00-04:00,sell,new,,GOOGL,stock,,0.0,,,market,1,,0.0,trade,,,,,,,,,,,,
2025-08-19 09:30:00-04:00,sell,new,,NVDA,stock,,0.0,,,market,1,,0.0,trade,,,,,,,,,,,,
2025-08-19 09:30:00-04:00,sell,new,,AAPL,stock,,0.0,,,market,1,,0.0,trade,,,,,,,,,,,,
2025-08-19 09:30:00-04:00,sell,new,,TSLA,stock,,0.0,,,market,1,,0.0,trade,,,,,,,,,,,,
2025-08-19 09:30:00-04:00,sell,new,,AMZN,stock,,0.0,,,market,1,,0.0,trade,,,,,,,,,,,,
2025-08-19 09:30:00-04:00,sell,fill,25.0,MSFT,stock,,0.0,,515.0,market,1,0.0,0.0,trade,,,,,,,,,,,,
2025-08-19 09:30:00-04:00,sell,fill,17.0,META,stock,,0.0,,767.1199951171875,market,1,0.0,0.0,trade,,,,,,,,,,,,
2025-08-19 09:30:00-04:00,sell,fill,77.0,AMD,stock,,0.0,,173.10000610351562,market,1,0.0,0.0,trade,,,,,,,,,,,,
2025-08-19 09:30:00-04:00,sell,fill,71.0,GOOGL,stock,,0.0,,203.02999877929688,market,1,0.0,0.0,trade,,,,,,,,,,,,
2025-08-19 09:30:00-04:00,sell,fill,77.0,NVDA,stock,,0.0,,182.42999267578125,market,1,0.0,0.0,trade,,,,,,,,,,,,
2025-08-19 09:30:00-04:00,sell,fill,65.0,AAPL,stock,,0.0,,231.27999877929688,market,1,0.0,0.0,trade,,,,,,,,,,,,
2025-08-19 09:30:00-04:00,sell,fill,40.0,TSLA,stock,,0.0,,335.7900085449219,market,1,0.0,0.0,trade,,,,,,,,,,,,
2025-08-19 09:30:00-04:00,sell,fill,56.0,AMZN,stock,,0.0,,230.08999633789062,market,1,0.0,0.0,trade,,,,,,,,,,,,
2025-08-20 09:30:00-04:00,buy,new,,AAPL,stock,,0.0,,,market,1,,0.0,trade,,,,,,,,,,,,
2025-08-20 09:30:00-04:00,buy,new,,AMZN,stock,,0.0,,,market,1,,0.0,trade,,,,,,,,,,,,
2025-08-20 09:30:00-04:00,buy,new,,TSLA,stock,,0.0,,,market,1,,0.0,trade,,,,,,,,,,,,
2025-08-20 09:30:00-04:00,buy,new,,GOOGL,stock,,0.0,,,market,1,,0.0,trade,,,,,,,,,,,,
2025-08-20 09:30:00-04:00,buy,fill,58.0,AAPL,stock,,0.0,,229.97999572753906,market,1,0.0,0.0,trade,,,,,,,,,,,,
2025-08-20 09:30:00-04:00,buy,fill,59.0,AMZN,stock,,0.0,,227.1199951171875,market,1,0.0,0.0,trade,,,,,,,,,,,,
2025-08-20 09:30:00-04:00,buy,fill,40.0,TSLA,stock,,0.0,,329.2200012207031,market,1,0.0,0.0,trade,,,,,,,,,,,,
2025-08-20 09:30:00-04:00,buy,fill,67.0,GOOGL,stock,,0.0,,200.72999572753906,market,1,0.0,0.0,trade,,,,,,,,,,,,
2025-08-22 09:30:00-04:00,sell,new,,AAPL,stock,,0.0,,,market,1,,0.0,trade,,,,,,,,,,,,
2025-08-22 09:30:00-04:00,sell,new,,AMZN,stock,,0.0,,,market,1,,0.0,trade,,,,,,,,,,,,
2025-08-22 09:30:00-04:00,sell,new,,TSLA,stock,,0.0,,,market,1,,0.0,trade,,,,,,,,,,,,
2025-08-22 09:30:00-04:00,sell,new,,GOOGL,stock,,0.0,,,market,1,,0.0,trade,,,,,,,,,,,,
2025-08-22 09:30:00-04:00,sell,canceled,,AAPL,stock,,0.0,,,market,1,,0.0,trade,,,,,,,,,,,,
2025-08-22 09:30:00-04:00,sell,canceled,,TSLA,stock,,0.0,,,market,1,,0.0,trade,,,,,,,,,,,,
2025-08-22 09:30:00-04:00,sell,canceled,,AMZN,stock,,0.0,,,market,1,,0.0,trade,,,,,,,,,,,,
2025-08-22 09:30:00-04:00,sell,canceled,,GOOGL,stock,,0.0,,,market,1,,0.0,trade,,,,,,,,,,,,
2025-08-22 09:30:00-04:00,sell,new,,AAPL,stock,,0.0,,,market,1,,0.0,trade,,,,,,,,,,,,
2025-08-22 09:30:00-04:00,sell,new,,AMZN,stock,,0.0,,,market,1,,0.0,trade,,,,,,,,,,,,
2025-08-22 09:30:00-04:00,sell,new,,TSLA,stock,,0.0,,,market,1,,0.0,trade,,,,,,,,,,,,
2025-08-22 09:30:00-04:00,sell,new,,GOOGL,stock,,0.0,,,market,1,,0.0,trade,,,,,,,,,,,,
2025-08-22 09:30:00-04:00,sell,fill,58.0,AAPL,stock,,0.0,,226.1699981689453,market,1,0.0,0.0,trade,,,,,,,,,,,,
2025-08-22 09:30:00-04:00,sell,fill,59.0,AMZN,stock,,0.0,,222.7899932861328,market,1,0.0,0.0,trade,,,,,,,,,,,,
2025-08-22 09:30:00-04:00,sell,fill,40.0,TSLA,stock,,0.0,,321.6600036621094,market,1,0.0,0.0,trade,,,,,,,,,,,,
2025-08-22 09:30:00-04:00,sell,fill,67.0,GOOGL,stock,,0.0,,202.72999572753906,market,1,0.0,0.0,trade,,,,,,,,,,,,
2025-08-25 09:30:00-04:00,buy,new,,TSLA,stock,,0.0,,,market,1,,0.0,trade,,,,,,,,,,,,
2025-08-25 09:30:00-04:00,buy,new,,GOOGL,stock,,0.0,,,market,1,,0.0,trade,,,,,,,,,,,,
2025-08-25 09:30:00-04:00,buy,new,,AAPL,stock,,0.0,,,market,1,,0.0,trade,,,,,,,,,,,,
2025-08-25 09:30:00-04:00,buy,new,,AMZN,stock,,0.0,,,market,1,,0.0,trade,,,,,,,,,,,,
2025-08-25 09:30:00-04:00,buy,fill,42.0,TSLA,stock,,0.0,,338.8999938964844,market,1,0.0,0.0,trade,,,,,,,,,,,,
2025-08-25 09:30:00-04:00,buy,fill,66.0,GOOGL,stock,,0.0,,206.42999267578125,market,1,0.0,0.0,trade,,,,,,,,,,,,
2025-08-25 09:30:00-04:00,buy,fill,59.0,AAPL,stock,,0.0,,226.47999572753906,market,1,0.0,0.0,trade,,,,,,,,,,,,
2025-08-25 09:30:00-04:00,buy,fill,60.0,AMZN,stock,,0.0,,227.35000610351562,market,1,0.0,0.0,trade,,,,,,,,,,,,
2025-09-03 09:30:00-04:00,sell,new,,TSLA,stock,,0.0,,,market,1,,0.0,trade,,,,,,,,,,,,
2025-09-03 09:30:00-04:00,sell,new,,GOOGL,stock,,0.0,,,market,1,,0.0,trade,,,,,,,,,,,,
2025-09-03 09:30:00-04:00,sell,new,,AAPL,stock,,0.0,,,market,1,,0.0,trade,,,,,,,,,,,,
2025-09-03 09:30:00-04:00,sell,new,,AMZN,stock,,0.0,,,market,1,,0.0,trade,,,,,,,,,,,,
2025-09-03 09:30:00-04:00,sell,fill,42.0,TSLA,stock,,0.0,,335.20001220703125,market,1,0.0,0.0,trade,,,,,,,,,,,,
2025-09-03 09:30:00-04:00,sell,fill,66.0,GOOGL,stock,,0.0,,226.2100067138672,market,1,0.0,0.0,trade,,,,,,,,,,,,
2025-09-03 09:30:00-04:00,sell,fill,59.0,AAPL,stock,,0.0,,237.2100067138672,market,1,0.0,0.0,trade,,,,,,,,,,,,
2025-09-03 09:30:00-04:00,sell,fill,60.0,AMZN,stock,,0.0,,225.2100067138672,market,1,0.0,0.0,trade,,,,,,,,,,,,
2025-09-04 09:30:00-04:00,buy,new,,GOOGL,stock,,0.0,,,market,1,,0.0,trade,,,,,,,,,,,,
2025-09-04 09:30:00-04:00,buy,new,,AAPL,stock,,0.0,,,market,1,,0.0,trade,,,,,,,,,,,,
2025-09-04 09:30:00-04:00,buy,new,,TSLA,stock,,0.0,,,market,1,,0.0,trade,,,,,,,,,,,,
2025-09-04 09:30:00-04:00,buy,fill,60.0,GOOGL,stock,,0.0,,229.64999389648438,market,1,0.0,0.0,trade,,,,,,,,,,,,
2025-09-04 09:30:00-04:00,buy,fill,57.0,AAPL,stock,,0.0,,238.4499969482422,market,1,0.0,0.0,trade,,,,,,,,,,,,
2025-09-04 09:30:00-04:00,buy,fill,40.0,TSLA,stock,,0.0,,336.1499938964844,market,1,0.0,0.0,trade,,,,,,,,,,,,
2025-09-05 09:30:00-04:00,buy,new,,AMZN,stock,,0.0,,,market,1,,0.0,trade,,,,,,,,,,,,
2025-09-05 09:30:00-04:00,buy,fill,59.0,AMZN,stock,,0.0,,235.19000244140625,market,1,0.0,0.0,trade,,,,,,,,,,,,
2025-09-10 09:30:00-04:00,buy,new,,META,stock,,0.0,,,market,1,,0.0,trade,,,,,,,,,,,,
2025-09-10 09:30:00-04:00,buy,fill,18.0,META,stock,,0.0,,765.1300048828125,market,1,0.0,0.0,trade,,,,,,,,,,,,
2025-09-11 09:30:00-04:00,sell,new,,GOOGL,stock,,0.0,,,market,1,,0.0,trade,,,,,,,,,,,,
2025-09-11 09:30:00-04:00,sell,new,,AAPL,stock,,0.0,,,market,1,,0.0,trade,,,,,,,,,,,,
2025-09-11 09:30:00-04:00,sell,new,,TSLA,stock,,0.0,,,market,1,,0.0,trade,,,,,,,,,,,,
2025-09-11 09:30:00-04:00,sell,new,,AMZN,stock,,0.0,,,market,1,,0.0,trade,,,,,,,,,,,,
2025-09-11 09:30:00-04:00,sell,new,,META,stock,,0.0,,,market,1,,0.0,trade,,,,,,,,,,,,
2025-09-11 09:30:00-04:00,sell,fill,60.0,GOOGL,stock,,0.0,,239.8800048828125,market,1,0.0,0.0,trade,,,,,,,,,,,,
2025-09-11 09:30:00-04:00,sell,fill,57.0,AAPL,stock,,0.0,,226.8800048828125,market,1,0.0,0.0,trade,,,,,,,,,,,,
2025-09-11 09:30:00-04:00,sell,fill,40.0,TSLA,stock,,0.0,,350.1700134277344,market,1,0.0,0.0,trade,,,,,,,,,,,,
2025-09-11 09:30:00-04:00,sell,fill,59.0,AMZN,stock,,0.0,,231.49000549316406,market,1,0.0,0.0,trade,,,,,,,,,,,,
2025-09-11 09:30:00-04:00,sell,fill,18.0,META,stock,,0.0,,754.6500244140625,market,1,0.0,0.0,trade,,,,,,,,,,,,
2025-09-12 09:30:00-04:00,buy,new,,GOOGL,stock,,0.0,,,market,1,,0.0,trade,,,,,,,,,,,,
2025-09-12 09:30:00-04:00,buy,new,,TSLA,stock,,0.0,,,market,1,,0.0,trade,,,,,,,,,,,,
2025-09-12 09:30:00-04:00,buy,new,,AMZN,stock,,0.0,,,market,1,,0.0,trade,,,,,,,,,,,,
2025-09-12 09:30:00-04:00,buy,fill,57.0,GOOGL,stock,,0.0,,240.3699951171875,market,1,0.0,0.0,trade,,,,,,,,,,,,
2025-09-12 09:30:00-04:00,buy,fill,39.0,TSLA,stock,,0.0,,370.94000244140625,market,1,0.0,0.0,trade,,,,,,,,,,,,
2025-09-12 09:30:00-04:00,buy,fill,59.0,AMZN,stock,,0.0,,230.35000610351562,market,1,0.0,0.0,trade,,,,,,,,,,,,
2025-09-15 09:30:00-04:00,buy,new,,AAPL,stock,,0.0,,,market,1,,0.0,trade,,,,,,,,,,,,
2025-09-15 09:30:00-04:00,buy,new,,META,stock,,0.0,,,market,1,,0.0,trade,,,,,,,,,,,,
2025-09-15 09:30:00-04:00,buy,new,,NVDA,stock,,0.0,,,market,1,,0.0,trade,,,,,,,,,,,,
2025-09-15 09:30:00-04:00,buy,fill,59.0,AAPL,stock,,0.0,,237.0,market,1,0.0,0.0,trade,,,,,,,,,,,,
2025-09-15 09:30:00-04:00,buy,fill,18.0,META,stock,,0.0,,757.469970703125,market,1,0.0,0.0,trade,,,,,,,,,,,,
2025-09-15 09:30:00-04:00,buy,fill,76.0,NVDA,stock,,0.0,,175.6699981689453,market,1,0.0,0.0,trade,,,,,,,,,,,,
2025-09-16 09:30:00-04:00,buy,new,,MSFT,stock,,0.0,,,market,1,,0.0,trade,,,,,,,,,,,,
2025-09-16 09:30:00-04:00,buy,fill,26.0,MSFT,stock,,0.0,,516.8800048828125,market,1,0.0,0.0,trade,,,,,,,,,,,,
2025-09-18 09:30:00-04:00,sell,new,,GOOGL,stock,,0.0,,,market,1,,0.0,trade,,,,,,,,,,,,
2025-09-18 09:30:00-04:00,sell,new,,TSLA,stock,,0.0,,,market,1,,0.0,trade,,,,,,,,,,,,
2025-09-18 09:30:00-04:00,sell,new,,AMZN,stock,,0.0,,,market,1,,0.0,trade,,,,,,,,,,,,
2025-09-18 09:30:00-04:00,sell,new,,AAPL,stock,,0.0,,,market,1,,0.0,trade,,,,,,,,,,,,
2025-09-18 09:30:00-04:00,sell,new,,META,stock,,0.0,,,market,1,,0.0,trade,,,,,,,,,,,,
2025-09-18 09:30:00-04:00,sell,new,,NVDA,stock,,0.0,,,market,1,,0.0,trade,,,,,,,,,,,,
2025-09-18 09:30:00-04:00,sell,new,,MSFT,stock,,0.0,,,market,1,,0.0,trade,,,,,,,,,,,,
2025-09-18 09:30:00-04:00,sell,fill,57.0,GOOGL,stock,,0.0,,251.67999267578125,market,1,0.0,0.0,trade,,,,,,,,,,,,
2025-09-18 09:30:00-04:00,sell,fill,39.0,TSLA,stock,,0.0,,428.8699951171875,market,1,0.0,0.0,trade,,,,,,,,,,,,
2025-09-18 09:30:00-04:00,sell,fill,59.0,AMZN,stock,,0.0,,232.5,market,1,0.0,0.0,trade,,,,,,,,,,,,
2025-09-18 09:30:00-04:00,sell,fill,59.0,AAPL,stock,,0.0,,239.97000122070312,market,1,0.0,0.0,trade,,,,,,,,,,,,
2025-09-18 09:30:00-04:00,sell,fill,18.0,META,stock,,0.0,,780.75,market,1,0.0,0.0,trade,,,,,,,,,,,,
2025-09-18 09:30:00-04:00,sell,fill,76.0,NVDA,stock,,0.0,,173.97999572753906,market,1,0.0,0.0,trade,,,,,,,,,,,,
2025-09-18 09:30:00-04:00,sell,fill,26.0,MSFT,stock,,0.0,,511.489990234375,market,1,0.0,0.0,trade,,,,,,,,,,,,
2025-09-19 09:30:00-04:00,buy,new,,GOOGL,stock,,0.0,,,market,1,,0.0,trade,,,,,,,,,,,,
2025-09-19 09:30:00-04:00,buy,new,,TSLA,stock,,0.0,,,market,1,,0.0,trade,,,,,,,,,,,,
2025-09-19 09:30:00-04:00,buy,new,,META,stock,,0.0,,,market,1,,0.0,trade,,,,,,,,,,,,
2025-09-19 09:30:00-04:00,buy,new,,AAPL,stock,,0.0,,,market,1,,0.0,trade,,,,,,,,,,,,
2025-09-19 09:30:00-04:00,buy,new,,NVDA,stock,,0.0,,,market,1,,0.0,trade,,,,,,,,,,,,
2025-09-19 09:30:00-04:00,buy,fill,56.0,GOOGL,stock,,0.0,,253.25,market,1,0.0,0.0,trade,,,,,,,,,,,,
2025-09-19 09:30:00-04:00,buy,fill,33.0,TSLA,stock,,0.0,,421.82000732421875,market,1,0.0,0.0,trade,,,,,,,,,,,,
2025-09-19 09:30:00-04:00,buy,fill,18.0,META,stock,,0.0,,786.4199829101562,market,1,0.0,0.0,trade,,,,,,,,,,,,
2025-09-19 09:30:00-04:00,buy,fill,59.0,AAPL,stock,,0.0,,241.22999572753906,market,1,0.0,0.0,trade,,,,,,,,,,,,
2025-09-19 09:30:00-04:00,buy,fill,81.0,NVDA,stock,,0.0,,175.77000427246094,market,1,0.0,0.0,trade,,,,,,,,,,,,
2025-09-22 09:30:00-04:00,buy,new,,MSFT,stock,,0.0,,,market,1,,0.0,trade,,,,,,,,,,,,
2025-09-22 09:30:00-04:00,buy,new,,AMZN,stock,,0.0,,,market,1,,0.0,trade,,,,,,,,,,,,
2025-09-22 09:30:00-04:00,buy,fill,27.0,MSFT,stock,,0.0,,515.5900268554688,market,1,0.0,0.0,trade,,,,,,,,,,,,
2025-09-22 09:30:00-04:00,buy,fill,61.0,AMZN,stock,,0.0,,230.55999755859375,market,1,0.0,0.0,trade,,,,,,,,,,,,
2025-09-23 09:30:00-04:00,sell,new,,GOOGL,stock,,0.0,,,market,1,,0.0,trade,,,,,,,,,,,,
2025-09-23 09:30:00-04:00,sell,new,,TSLA,stock,,0.0,,,market,1,,0.0,trade,,,,,,,,,,,,
2025-09-23 09:30:00-04:00,sell,new,,META,stock,,0.0,,,market,1,,0.0,trade,,,,,,,,,,,,
2025-09-23 09:30:00-04:00,sell,new,,AAPL,stock,,0.0,,,market,1,,0.0,trade,,,,,,,,,,,,
2025-09-23 09:30:00-04:00,sell,new,,NVDA,stock,,0.0,,,market,1,,0.0,trade,,,,,,,,,,,,
2025-09-23 09:30:00-04:00,sell,new,,MSFT,stock,,0.0,,,market,1,,0.0,trade,,,,,,,,,,,,
2025-09-23 09:30:00-04:00,sell,new,,AMZN,stock,,0.0,,,market,1,,0.0,trade,,,,,,,,,,,,
2025-09-23 09:30:00-04:00,sell,fill,56.0,GOOGL,stock,,0.0,,253.0399932861328,market,1,0.0,0.0,trade,,,,,,,,,,,,
2025-09-23 09:30:00-04:00,sell,fill,33.0,TSLA,stock,,0.0,,439.8800048828125,market,1,0.0,0.0,trade,,,,,,,,,,,,
2025-09-23 09:30:00-04:00,sell,fill,18.0,META,stock,,0.0,,769.25,market,1,0.0,0.0,trade,,,,,,,,,,,,
2025-09-23 09:30:00-04:00,sell,fill,59.0,AAPL,stock,,0.0,,255.8800048828125,market,1,0.0,0.0,trade,,,,,,,,,,,,
2025-09-23 09:30:00-04:00,sell,fill,81.0,NVDA,stock,,0.0,,181.97000122070312,market,1,0.0,0.0,trade,,,,,,,,,,,,
2025-09-23 09:30:00-04:00,sell,fill,27.0,MSFT,stock,,0.0,,513.7999877929688,market,1,0.0,0.0,trade,,,,,,,,,,,,
2025-09-23 09:30:00-04:00,sell,fill,61.0,AMZN,stock,,0.0,,227.8300018310547,market,1,0.0,0.0,trade,,,,,,,,,,,,
2025-09-24 09:30:00-04:00,buy,new,,TSLA,stock,,0.0,,,market,1,,0.0,trade,,,,,,,,,,,,
2025-09-24 09:30:00-04:00,buy,new,,AAPL,stock,,0.0,,,market,1,,0.0,trade,,,,,,,,,,,,
2025-09-24 09:30:00-04:00,buy,new,,GOOGL,stock,,0.0,,,market,1,,0.0,trade,,,,,,,,,,,,
2025-09-24 09:30:00-04:00,buy,new,,NVDA,stock,,0.0,,,market,1,,0.0,trade,,,,,,,,,,,,
2025-09-24 09:30:00-04:00,buy,new,,AMD,stock,,0.0,,,market,1,,0.0,trade,,,,,,,,,,,,
2025-09-24 09:30:00-04:00,buy,fill,32.0,TSLA,stock,,0.0,,429.8299865722656,market,1,0.0,0.0,trade,,,,,,,,,,,,
2025-09-24 09:30:00-04:00,buy,fill,56.0,AAPL,stock,,0.0,,255.22000122070312,market,1,0.0,0.0,trade,,,,,,,,,,,,
2025-09-24 09:30:00-04:00,buy,fill,56.0,GOOGL,stock,,0.0,,251.66000366210938,market,1,0.0,0.0,trade,,,,,,,,,,,,
2025-09-24 09:30:00-04:00,buy,fill,78.0,NVDA,stock,,0.0,,179.77000427246094,market,1,0.0,0.0,trade,,,,,,,,,,,,
2025-09-24 09:30:00-04:00,buy,fill,89.0,AMD,stock,,0.0,,162.97999572753906,market,1,0.0,0.0,trade,,,,,,,,,,,,
2025-09-30 09:30:00-04:00,buy,new,,MSFT,stock,,0.0,,,market,1,,0.0,trade,,,,,,,,,,,,
2025-09-30 09:30:00-04:00,buy,fill,28.0,MSFT,stock,,0.0,,513.239990234375,market,1,0.0,0.0,trade,,,,,,,,,,,,
2025-10-10 09:30:00-04:00,buy,new,,AMZN,stock,,0.0,,,market,1,,0.0,trade,,,,,,,,,,,,
2025-10-10 09:30:00-04:00,buy,fill,66.0,AMZN,stock,,0.0,,226.2100067138672,market,1,0.0,0.0,trade,,,,,,,,,,,,
2025-10-13 09:30:00-04:00,sell,new,,TSLA,stock,,0.0,,,market,1,,0.0,trade,,,,,,,,,,,,
2025-10-13 09:30:00-04:00,sell,new,,AAPL,stock,,0.0,,,market,1,,0.0,trade,,,,,,,,,,,,
2025-10-13 09:30:00-04:00,sell,new,,GOOGL,stock,,0.0,,,market,1,,0.0,trade,,,,,,,,,,,,
2025-10-13 09:30:00-04:00,sell,new,,NVDA,stock,,0.0,,,market,1,,0.0,trade,,,,,,,,,,,,
2025-10-13 09:30:00-04:00,sell,new,,AMD,stock,,0.0,,,market,1,,0.0,trade,,,,,,,,,,,,
2025-10-13 09:30:00-04:00,sell,new,,MSFT,stock,,0.0,,,market,1,,0.0,trade,,,,,,,,,,,,
2025-10-13 09:30:00-04:00,sell,new,,AMZN,stock,,0.0,,,market,1,,0.0,trade,,,,,,,,,,,,
2025-10-13 09:30:00-04:00,sell,canceled,,TSLA,stock,,0.0,,,market,1,,0.0,trade,,,,,,,,,,,,
2025-10-13 09:30:00-04:00,sell,canceled,,GOOGL,stock,,0.0,,,market,1,,0.0,trade,,,,,,,,,,,,
2025-10-13 09:30:00-04:00,sell,canceled,,AAPL,stock,,0.0,,,market,1,,0.0,trade,,,,,,,,,,,,
2025-10-13 09:30:00-04:00,sell,canceled,,AMD,stock,,0.0,,,market,1,,0.0,trade,,,,,,,,,,,,
2025-10-13 09:30:00-04:00,sell,canceled,,NVDA,stock,,0.0,,,market,1,,0.0,trade,,,,,,,,,,,,
2025-10-13 09:30:00-04:00,sell,canceled,,MSFT,stock,,0.0,,,market,1,,0.0,trade,,,,,,,,,,,,
2025-10-13 09:30:00-04:00,sell,canceled,,AMZN,stock,,0.0,,,market,1,,0.0,trade,,,,,,,,,,,,
2025-10-13 09:30:00-04:00,sell,new,,TSLA,stock,,0.0,,,market,1,,0.0,trade,,,,,,,,,,,,
2025-10-13 09:30:00-04:00,sell,new,,AAPL,stock,,0.0,,,market,1,,0.0,trade,,,,,,,,,,,,
2025-10-13 09:30:00-04:00,sell,new,,GOOGL,stock,,0.0,,,market,1,,0.0,trade,,,,,,,,,,,,
2025-10-13 09:30:00-04:00,sell,new,,NVDA,stock,,0.0,,,market,1,,0.0,trade,,,,,,,,,,,,
2025-10-13 09:30:00-04:00,sell,new,,AMD,stock,,0.0,,,market,1,,0.0,trade,,,,,,,,,,,,
2025-10-13 09:30:00-04:00,sell,new,,MSFT,stock,,0.0,,,market,1,,0.0,trade,,,,,,,,,,,,
2025-10-13 09:30:00-04:00,sell,new,,AMZN,stock,,0.0,,,market,1,,0.0,trade,,,,,,,,,,,,
2025-10-13 09:30:00-04:00,sell,fill,32.0,TSLA,stock,,0.0,,423.5299987792969,market,1,0.0,0.0,trade,,,,,,,,,,,,
2025-10-13 09:30:00-04:00,sell,fill,56.0,AAPL,stock,,0.0,,249.3800048828125,market,1,0.0,0.0,trade,,,,,,,,,,,,
2025-10-13 09:30:00-04:00,sell,fill,56.0,GOOGL,stock,,0.0,,240.2100067138672,market,1,0.0,0.0,trade,,,,,,,,,,,,
2025-10-13 09:30:00-04:00,sell,fill,78.0,NVDA,stock,,0.0,,187.97000122070312,market,1,0.0,0.0,trade,,,,,,,,,,,,
2025-10-13 09:30:00-04:00,sell,fill,89.0,AMD,stock,,0.0,,220.1999969482422,market,1,0.0,0.0,trade,,,,,,,,,,,,
2025-10-13 09:30:00-04:00,sell,fill,28.0,MSFT,stock,,0.0,,516.4099731445312,market,1,0.0,0.0,trade,,,,,,,,,,,,
2025-10-13 09:30:00-04:00,sell,fill,66.0,AMZN,stock,,0.0,,217.6999969482422,market,1,0.0,0.0,trade,,,,,,,,,,,,
2025-10-14 09:30:00-04:00,buy,new,,AMD,stock,,0.0,,,market,1,,0.0,trade,,,,,,,,,,,,
2025-10-14 09:30:00-04:00,buy,new,,NVDA,stock,,0.0,,,market,1,,0.0,trade,,,,,,,,,,,,
2025-10-14 09:30:00-04:00,buy,new,,TSLA,stock,,0.0,,,market,1,,0.0,trade,,,,,,,,,,,,
2025-10-14 09:30:00-04:00,buy,fill,67.0,AMD,stock,,0.0,,219.1999969482422,market,1,0.0,0.0,trade,,,,,,,,,,,,
2025-10-14 09:30:00-04:00,buy,fill,79.0,NVDA,stock,,0.0,,184.77000427246094,market,1,0.0,0.0,trade,,,,,,,,,,,,
2025-10-14 09:30:00-04:00,buy,fill,35.0,TSLA,stock,,0.0,,426.7900085449219,market,1,0.0,0.0,trade,,,,,,,,,,,,
2025-10-16 09:30:00-04:00,buy,new,,GOOGL,stock,,0.0,,,market,1,,0.0,trade,,,,,,,,,,,,
2025-10-16 09:30:00-04:00,buy,fill,60.0,GOOGL,stock,,0.0,,251.77000427246094,market,1,0.0,0.0,trade,,,,,,,,,,,,
2025-10-21 09:30:00-04:00,buy,new,,AAPL,stock,,0.0,,,market,1,,0.0,trade,,,,,,,,,,,,
2025-10-21 09:30:00-04:00,buy,new,,META,stock,,0.0,,,market,1,,0.0,trade,,,,,,,,,,,,
2025-10-21 09:30:00-04:00,buy,new,,MSFT,stock,,0.0,,,market,1,,0.0,trade,,,,,,,,,,,,
2025-10-21 09:30:00-04:00,buy,fill,58.0,AAPL,stock,,0.0,,261.8800048828125,market,1,0.0,0.0,trade,,,,,,,,,,,,
2025-10-21 09:30:00-04:00,buy,fill,20.0,META,stock,,0.0,,736.02001953125,market,1,0.0,0.0,trade,,,,,,,,,,,,
2025-10-21 09:30:00-04:00,buy,fill,28.0,MSFT,stock,,0.0,,517.5,market,1,0.0,0.0,trade,,,,,,,,,,,,
2025-10-27 09:30:00-04:00,buy,new,,AMZN,stock,,0.0,,,market,1,,0.0,trade,,,,,,,,,,,,
2025-10-27 09:30:00-04:00,buy,fill,68.0,AMZN,stock,,0.0,,227.66000366210938,market,1,0.0,0.0,trade,,,,,,,,,,,,
2025-10-31 09:30:00-04:00,sell,new,,AMD,stock,,0.0,,,market,1,,0.0,trade,,,,,,,,,,,,
2025-10-31 09:30:00-04:00,sell,new,,NVDA,stock,,0.0,,,market,1,,0.0,trade,,,,,,,,,,,,
2025-10-31 09:30:00-04:00,sell,new,,TSLA,stock,,0.0,,,market,1,,0.0,trade,,,,,,,,,,,,
2025-10-31 09:30:00-04:00,sell,new,,GOOGL,stock,,0.0,,,market,1,,0.0,trade,,,,,,,,,,,,
2025-10-31 09:30:00-04:00,sell,new,,AAPL,stock,,0.0,,,market,1,,0.0,trade,,,,,,,,,,,,
2025-10-31 09:30:00-04:00,sell,new,,META,stock,,0.0,,,market,1,,0.0,trade,,,,,,,,,,,,
2025-10-31 09:30:00-04:00,sell,new,,MSFT,stock,,0.0,,,market,1,,0.0,trade,,,,,,,,,,,,
2025-10-31 09:30:00-04:00,sell,new,,AMZN,stock,,0.0,,,market,1,,0.0,trade,,,,,,,,,,,,
2025-10-31 09:30:00-04:00,sell,fill,67.0,AMD,stock,,0.0,,259.6000061035156,market,1,0.0,0.0,trade,,,,,,,,,,,,
2025-10-31 09:30:00-04:00,sell,fill,79.0,NVDA,stock,,0.0,,206.4499969482422,market,1,0.0,0.0,trade,,,,,,,,,,,,
2025-10-31 09:30:00-04:00,sell,fill,35.0,TSLA,stock,,0.0,,446.75,market,1,0.0,0.0,trade,,,,,,,,,,,,
2025-10-31 09:30:00-04:00,sell,fill,60.0,GOOGL,stock,,0.0,,283.2099914550781,market,1,0.0,0.0,trade,,,,,,,,,,,,
2025-10-31 09:30:00-04:00,sell,fill,58.0,AAPL,stock,,0.0,,276.989990234375,market,1,0.0,0.0,trade,,,,,,,,,,,,
2025-10-31 09:30:00-04:00,sell,fill,20.0,META,stock,,0.0,,674.510009765625,market,1,0.0,0.0,trade,,,,,,,,,,,,
2025-10-31 09:30:00-04:00,sell,fill,28.0,MSFT,stock,,0.0,,528.8800048828125,market,1,0.0,0.0,trade,,,,,,,,,,,,
2025-10-31 09:30:00-04:00,sell,fill,68.0,AMZN,stock,,0.0,,250.10000610351562,market,1,0.0,0.0,trade,,,,,,,,,,,,
2025-11-03 09:30:00-05:00,buy,new,,AMZN,stock,,0.0,,,market,1,,0.0,trade,,,,,,,,,,,,
2025-11-03 09:30:00-05:00,buy,new,,AMD,stock,,0.0,,,market,1,,0.0,trade,,,,,,,,,,,,
2025-11-03 09:30:00-05:00,buy,new,,NVDA,stock,,0.0,,,market,1,,0.0,trade,,,,,,,,,,,,
2025-11-03 09:30:00-05:00,buy,new,,GOOGL,stock,,0.0,,,market,1,,0.0,trade,,,,,,,,,,,,
2025-11-03 09:30:00-05:00,buy,new,,AAPL,stock,,0.0,,,market,1,,0.0,trade,,,,,,,,,,,,
2025-11-03 09:30:00-05:00,buy,new,,TSLA,stock,,0.0,,,market,1,,0.0,trade,,,,,,,,,,,,
2025-11-03 09:30:00-05:00,buy,fill,63.0,AMZN,stock,,0.0,,255.36000061035156,market,1,0.0,0.0,trade,,,,,,,,,,,,
2025-11-03 09:30:00-05:00,buy,fill,61.0,AMD,stock,,0.0,,259.3299865722656,market,1,0.0,0.0,trade,,,,,,,,,,,,
2025-11-03 09:30:00-05:00,buy,fill,77.0,NVDA,stock,,0.0,,208.0800018310547,market,1,0.0,0.0,trade,,,,,,,,,,,,
2025-11-03 09:30:00-05:00,buy,fill,56.0,GOOGL,stock,,0.0,,282.17999267578125,market,1,0.0,0.0,trade,,,,,,,,,,,,
2025-11-03 09:30:00-05:00,buy,fill,57.0,AAPL,stock,,0.0,,270.4200134277344,market,1,0.0,0.0,trade,,,,,,,,,,,,
2025-11-03 09:30:00-05:00,buy,fill,35.0,TSLA,stock,,0.0,,455.989990234375,market,1,0.0,0.0,trade,,,,,,,,,,,,
2025-11-14 09:30:00-05:00,sell,new,,AMZN,stock,,0.0,,,market,1,,0.0,trade,,,,,,,,,,,,
2025-11-14 09:30:00-05:00,sell,new,,AMD,stock,,0.0,,,market,1,,0.0,trade,,,,,,,,,,,,
2025-11-14 09:30:00-05:00,sell,new,,NVDA,stock,,0.0,,,market,1,,0.0,trade,,,,,,,,,,,,
2025-11-14 09:30:00-05:00,sell,new,,GOOGL,stock,,0.0,,,market,1,,0.0,trade,,,,,,,,,,,,
2025-11-14 09:30:00-05:00,sell,new,,AAPL,stock,,0.0,,,market,1,,0.0,trade,,,,,,,,,,,,
2025-11-14 09:30:00-05:00,sell,new,,TSLA,stock,,0.0,,,market,1,,0.0,trade,,,,,,,,,,,,
2025-11-14 09:30:00-05:00,sell,fill,63.0,AMZN,stock,,0.0,,235.05999755859375,market,1,0.0,0.0,trade,,,,,,,,,,,,
2025-11-14 09:30:00-05:00,sell,fill,61.0,AMD,stock,,0.0,,240.11000061035156,market,1,0.0,0.0,trade,,,,,,,,,,,,
2025-11-14 09:30:00-05:00,sell,fill,77.0,NVDA,stock,,0.0,,182.86000061035156,market,1,0.0,0.0,trade,,,,,,,,,,,,
2025-11-14 09:30:00-05:00,sell,fill,56.0,GOOGL,stock,,0.0,,271.4100036621094,market,1,0.0,0.0,trade,,,,,,,,,,,,
2025-11-14 09:30:00-05:00,sell,fill,57.0,AAPL,stock,,0.0,,271.04998779296875,market,1,0.0,0.0,trade,,,,,,,,,,,,
2025-11-14 09:30:00-05:00,sell,fill,35.0,TSLA,stock,,0.0,,386.29998779296875,market,1,0.0,0.0,trade,,,,,,,,,,,,
2025-11-17 09:30:00-05:00,buy,new,,AAPL,stock,,0.0,,,market,1,,0.0,trade,,,,,,,,,,,,
2025-11-17 09:30:00-05:00,buy,new,,GOOGL,stock,,0.0,,,market,1,,0.0,trade,,,,,,,,,,,,
2025-11-17 09:30:00-05:00,buy,new,,AMD,stock,,0.0,,,market,1,,0.0,trade,,,,,,,,,,,,
2025-11-17 09:30:00-05:00,buy,fill,55.0,AAPL,stock,,0.0,,268.82000732421875,market,1,0.0,0.0,trade,,,,,,,,,,,,
2025-11-17 09:30:00-05:00,buy,fill,55.0,GOOGL,stock,,0.0,,285.7799987792969,market,1,0.0,0.0,trade,,,,,,,,,,,,
2025-11-17 09:30:00-05:00,buy,fill,62.0,AMD,stock,,0.0,,242.75,market,1,0.0,0.0,trade,,,,,,,,,,,,
2025-11-21 09:30:00-05:00,sell,new,,AAPL,stock,,0.0,,,market,1,,0.0,trade,,,,,,,,,,,,
2025-11-21 09:30:00-05:00,sell,new,,GOOGL,stock,,0.0,,,market,1,,0.0,trade,,,,,,,,,,,,
2025-11-21 09:30:00-05:00,sell,new,,AMD,stock,,0.0,,,market,1,,0.0,trade,,,,,,,,,,,,
2025-11-21 09:30:00-05:00,sell,fill,55.0,AAPL,stock,,0.0,,265.95001220703125,market,1,0.0,0.0,trade,,,,,,,,,,,,
2025-11-21 09:30:00-05:00,sell,fill,55.0,GOOGL,stock,,0.0,,296.4200134277344,market,1,0.0,0.0,trade,,,,,,,,,,,,
2025-11-21 09:30:00-05:00,sell,fill,62.0,AMD,stock,,0.0,,208.80999755859375,market,1,0.0,0.0,trade,,,,,,,,,,,,
2025-11-24 09:30:00-05:00,buy,new,,GOOGL,stock,,0.0,,,market,1,,0.0,trade,,,,,,,,,,,,
2025-11-24 09:30:00-05:00,buy,new,,AAPL,stock,,0.0,,,market,1,,0.0,trade,,,,,,,,,,,,
2025-11-24 09:30:00-05:00,buy,fill,49.0,GOOGL,stock,,0.0,,311.1300048828125,market,1,0.0,0.0,trade,,,,,,,,,,,,
2025-11-24 09:30:00-05:00,buy,fill,55.0,AAPL,stock,,0.0,,270.8999938964844,market,1,0.0,0.0,trade,,,,,,,,,,,,
2025-12-01 09:30:00-05:00,buy,new,,TSLA,stock,,0.0,,,market,1,,0.0,trade,,,,,,,,,,,,
2025-12-01 09:30:00-05:00,buy,fill,34.0,TSLA,stock,,0.0,,425.32000732421875,market,1,0.0,0.0,trade,,,,,,,,,,,,
2025-12-02 09:30:00-05:00,buy,new,,AMZN,stock,,0.0,,,market,1,,0.0,trade,,,,,,,,,,,,
2025-12-02 09:30:00-05:00,buy,fill,63.0,AMZN,stock,,0.0,,235.00999450683594,market,1,0.0,0.0,trade,,,,,,,,,,,,
2025-12-03 09:30:00-05:00,buy,new,,META,stock,,0.0,,,market,1,,0.0,trade,,,,,,,,,,,,
2025-12-03 09:30:00-05:00,buy,fill,22.0,META,stock,,0.0,,644.4099731445312,market,1,0.0,0.0,trade,,,,,,,,,,,,
2025-12-09 09:30:00-05:00,buy,new,,NVDA,stock,,0.0,,,market,1,,0.0,trade,,,,,,,,,,,,
2025-12-09 09:30:00-05:00,buy,fill,81.0,NVDA,stock,,0.0,,185.55999755859375,market,1,0.0,0.0,trade,,,,,,,,,,,,
2025-12-15 09:30:00-05:00,sell,new,,GOOGL,stock,,0.0,,,market,1,,0.0,trade,,,,,,,,,,,,
2025-12-15 09:30:00-05:00,sell,new,,AAPL,stock,,0.0,,,market,1,,0.0,trade,,,,,,,,,,,,
2025-12-15 09:30:00-05:00,sell,new,,TSLA,stock,,0.0,,,market,1,,0.0,trade,,,,,,,,,,,,
2025-12-15 09:30:00-05:00,sell,new,,AMZN,stock,,0.0,,,market,1,,0.0,trade,,,,,,,,,,,,
2025-12-15 09:30:00-05:00,sell,new,,META,stock,,0.0,,,market,1,,0.0,trade,,,,,,,,,,,,
2025-12-15 09:30:00-05:00,sell,new,,NVDA,stock,,0.0,,,market,1,,0.0,trade,,,,,,,,,,,,
2025-12-15 09:30:00-05:00,sell,canceled,,GOOGL,stock,,0.0,,,market,1,,0.0,trade,,,,,,,,,,,,
2025-12-15 09:30:00-05:00,sell,canceled,,TSLA,stock,,0.0,,,market,1,,0.0,trade,,,,,,,,,,,,
2025-12-15 09:30:00-05:00,sell,canceled,,AAPL,stock,,0.0,,,market,1,,0.0,trade,,,,,,,,,,,,
2025-12-15 09:30:00-05:00,sell,canceled,,AMZN,stock,,0.0,,,market,1,,0.0,trade,,,,,,,,,,,,
2025-12-15 09:30:00-05:00,sell,canceled,,NVDA,stock,,0.0,,,market,1,,0.0,trade,,,,,,,,,,,,
2025-12-15 09:30:00-05:00,sell,canceled,,META,stock,,0.0,,,market,1,,0.0,trade,,,,,,,,,,,,
2025-12-15 09:30:00-05:00,sell,new,,GOOGL,stock,,0.0,,,market,1,,0.0,trade,,,,,,,,,,,,
2025-12-15 09:30:00-05:00,sell,new,,AAPL,stock,,0.0,,,market,1,,0.0,trade,,,,,,,,,,,,
2025-12-15 09:30:00-05:00,sell,new,,TSLA,stock,,0.0,,,market,1,,0.0,trade,,,,,,,,,,,,
2025-12-15 09:30:00-05:00,sell,new,,AMZN,stock,,0.0,,,market,1,,0.0,trade,,,,,,,,,,,,
2025-12-15 09:30:00-05:00,sell,new,,META,stock,,0.0,,,market,1,,0.0,trade,,,,,,,,,,,,
2025-12-15 09:30:00-05:00,sell,new,,NVDA,stock,,0.0,,,market,1,,0.0,trade,,,,,,,,,,,,
2025-12-15 09:30:00-05:00,sell,fill,49.0,GOOGL,stock,,0.0,,311.32000732421875,market,1,0.0,0.0,trade,,,,,,,,,,,,
2025-12-15 09:30:00-05:00,sell,fill,55.0,AAPL,stock,,0.0,,280.1499938964844,market,1,0.0,0.0,trade,,,,,,,,,,,,
2025-12-15 09:30:00-05:00,sell,fill,34.0,TSLA,stock,,0.0,,469.44000244140625,market,1,0.0,0.0,trade,,,,,,,,,,,,
2025-12-15 09:30:00-05:00,sell,fill,63.0,AMZN,stock,,0.0,,227.92999267578125,market,1,0.0,0.0,trade,,,,,,,,,,,,
2025-12-15 09:30:00-05:00,sell,fill,22.0,META,stock,,0.0,,645.7000122070312,market,1,0.0,0.0,trade,,,,,,,,,,,,
2025-12-15 09:30:00-05:00,sell,fill,81.0,NVDA,stock,,0.0,,177.94000244140625,market,1,0.0,0.0,trade,,,,,,,,,,,,
2025-12-16 09:30:00-05:00,buy,new,,TSLA,stock,,0.0,,,market,1,,0.0,trade,,,,,,,,,,,,
2025-12-16 09:30:00-05:00,buy,new,,GOOGL,stock,,0.0,,,market,1,,0.0,trade,,,,,,,,,,,,
2025-12-16 09:30:00-05:00,buy,fill,31.0,TSLA,stock,,0.0,,472.2099914550781,market,1,0.0,0.0,trade,,,,,,,,,,,,
2025-12-16 09:30:00-05:00,buy,fill,47.0,GOOGL,stock,,0.0,,304.95001220703125,market,1,0.0,0.0,trade,,,,,,,,,,,,
2025-12-19 09:30:00-05:00,buy,new,,META,stock,,0.0,,,market,1,,0.0,trade,,,,,,,,,,,,
2025-12-19 09:30:00-05:00,buy,fill,22.0,META,stock,,0.0,,666.4199829101562,market,1,0.0,0.0,trade,,,,,,,,,,,,
2025-12-22 09:30:00-05:00,sell,new,,TSLA,stock,,0.0,,,market,1,,0.0,trade,,,,,,,,,,,,
2025-12-22 09:30:00-05:00,sell,new,,GOOGL,stock,,0.0,,,market,1,,0.0,trade,,,,,,,,,,,,
2025-12-22 09:30:00-05:00,sell,new,,META,stock,,0.0,,,market,1,,0.0,trade,,,,,,,,,,,,
2025-12-22 09:30:00-05:00,buy,new,,MSFT,stock,,0.0,,,market,1,,0.0,trade,,,,,,,,,,,,
2025-12-22 09:30:00-05:00,buy,new,,NVDA,stock,,0.0,,,market,1,,0.0,trade,,,,,,,,,,,,
2025-12-22 09:30:00-05:00,sell,fill,31.0,TSLA,stock,,0.0,,489.8800048828125,market,1,0.0,0.0,trade,,,,,,,,,,,,
2025-12-22 09:30:00-05:00,sell,fill,47.0,GOOGL,stock,,0.0,,309.8800048828125,market,1,0.0,0.0,trade,,,,,,,,,,,,
2025-12-22 09:30:00-05:00,sell,fill,22.0,META,stock,,0.0,,661.6500244140625,market,1,0.0,0.0,trade,,,,,,,,,,,,
2025-12-22 09:30:00-05:00,buy,fill,31.0,MSFT,stock,,0.0,,486.1199951171875,market,1,0.0,0.0,trade,,,,,,,,,,,,
2025-12-22 09:30:00-05:00,buy,fill,85.0,NVDA,stock,,0.0,,183.9199981689453,market,1,0.0,0.0,trade,,,,,,,,,,,,
2025-12-23 09:30:00-05:00,buy,new,,TSLA,stock,,0.0,,,market,1,,0.0,trade,,,,,,,,,,,,
2025-12-23 09:30:00-05:00,buy,fill,30.0,TSLA,stock,,0.0,,489.3999938964844,market,1,0.0,0.0,trade,,,,,,,,,,,,
2025-12-24 09:30:00-05:00,buy,new,,AMZN,stock,,0.0,,,market,1,,0.0,trade,,,,,,,,,,,,
2025-12-24 09:30:00-05:00,buy,new,,GOOGL,stock,,0.0,,,market,1,,0.0,trade,,,,,,,,,,,,
2025-12-24 09:30:00-05:00,buy,fill,65.0,AMZN,stock,,0.0,,232.1300048828125,market,1,0.0,0.0,trade,,,,,,,,,,,,
2025-12-24 09:30:00-05:00,buy,fill,48.0,GOOGL,stock,,0.0,,314.7699890136719,market,1,0.0,0.0,trade,,,,,,,,,,,,
